TABELA;COLUNA;POSICAO;TIPO_DADO;COMPRIMENTO;PRECISAO;ESCALA;OBRIGATORIO;VALOR_PADRAO;DESCRICAO_COLUNA
ACERTO_LEI;UNIDADE_ID;0;VARYING   ;31;;0;1.0;;
ACERTO_LEI;QTDE_SUS  ;1;LONG      ;4;0.0;0;;;
ACESSOSUSU;A         ;0;VARYING   ;60;;0;1.0;;
ACESSOSUSU;B         ;1;VARYING   ;60;;0;1.0;;
BLOQUEIOFU;CDFUNCAO  ;0;LONG      ;4;0.0;0;1.0;;
BLOQUEIOFU;CDFUNCAOBL;1;LONG      ;4;0.0;0;1.0;;
CFCES000  ;VERSAO    ;0;VARYING   ;10;;0;;;
CFCES000  ;VERSAO_ANT;1;VARYING   ;10;;0;;;
CFCES000  ;DT_VERSAO ;2;VARYING   ;60;;0;;;
CFCES000  ;DT_ULTIMA_;3;VARYING   ;60;;0;;;
CFCES000  ;FL_LEU_MSG;4;TEXT      ;1;;0;;;
CFCES000  ;DT_ULTIMO_;5;VARYING   ;60;;0;;;
CFCES000  ;FL_EXIGIR_;6;TEXT      ;1;;0;;;
CFCES000  ;FL_SCNES_S;7;TEXT      ;1;;0;;;
CFCES001  ;CODIGO_ARQ;0;LONG      ;4;0.0;0;;;
CFCES001  ;NOME_ARQUI;1;VARYING   ;60;;0;;;
CFCES001  ;PERIODICID;2;LONG      ;4;0.0;0;;;
CFCES001  ;DT_ULTIMA_;3;VARYING   ;60;;0;;;
CFCES001  ;CMPT_ULTIM;4;VARYING   ;60;;0;;;
CFCES002  ;FL_SALVAR_;0;TEXT      ;1;;0;;;
CFCES002  ;DIRETORIO_;1;VARYING   ;100;;0;;;
CFCES002  ;DATA_ATU  ;2;DATE      ;4;;0;;;
CFCES002  ;USUARIO   ;3;VARYING   ;60;;0;;;
CFCES003  ;DS_REDUZID;0;VARYING   ;30;;0;1.0;;
CFCES003  ;CO_ATUALIZ;1;LONG      ;4;0.0;0;;;
CFCES003  ;NO_TABELA ;2;VARYING   ;30;;0;;;
CFCES003  ;DS_COMPLET;3;VARYING   ;120;;0;;;
CFCES003  ;DT_ATUALIZ;4;DATE      ;4;;0;;;
CFCES003  ;NU_VERSAO ;5;VARYING   ;10;;0;;;
CFCES004  ;NU_CNES   ;0;VARYING   ;7;;0;1.0;;
CFCES004  ;DIRETORIO_;1;VARYING   ;200;;0;1.0;;
CFCES004  ;TP_GESTAO_;2;VARYING   ;1;;0;1.0;;
CFCES004  ;TP_GESTAO_;3;VARYING   ;1;;0;1.0;;
CFCES004  ;NU_VERSAO ;4;VARYING   ;6;;0;1.0;;
CFCES004  ;COMPETENCI;5;VARYING   ;6;;0;1.0;;
CFCES004  ;NU_MAC    ;6;VARYING   ;20;;0;;;
CFCES004  ;TP_STATUS ;7;VARYING   ;1;;0;;;
CFCES004  ;USUARIO   ;8;VARYING   ;60;;0;;;
CFCES004  ;DATA_HORA ;9;TIMESTAMP ;8;;0;;;
CFCES005  ;NO_TABELA ;0;VARYING   ;60;;0;;;
CFCES005  ;COMP_CHV1 ;1;VARYING   ;60;;0;;;
CFCES005  ;COMP_CHV2 ;2;VARYING   ;60;;0;;;
CFCES005  ;COMP_CHV3 ;3;VARYING   ;60;;0;;;
CFCES005  ;MODULO    ;4;TEXT      ;1;;0;;;
CFCES006  ;CPF       ;0;VARYING   ;11;;0;1.0;;
CFCES006  ;CNS       ;1;VARYING   ;60;;0;1.0;;
CNESHIST  ;COMPETENCI;0;VARYING   ;6;;0;;;
CNESHIST  ;USUARIO   ;1;VARYING   ;60;;0;;;
CNESHIST  ;DT_GERACAO;2;TIMESTAMP ;8;;0;;;
CONSISTE  ;TABELA    ;0;VARYING   ;60;;0;;;
CONSISTE  ;CAMPO     ;1;VARYING   ;60;;0;;;
CONSISTE  ;OBRIG     ;2;TEXT      ;1;;0;;;
CONSISTE  ;TAB_RELAC ;3;VARYING   ;60;;0;;;
CONSISTE  ;CAMPO_REL ;4;VARYING   ;60;;0;;;
CONSISTE  ;TAMANHO   ;5;LONG      ;4;0.0;0;;;
CONSISTE  ;DES_CAMPO ;6;VARYING   ;60;;0;;;
CONSISTE  ;TIPO      ;7;TEXT      ;1;;0;;;
CONSISTE  ;MODULO    ;8;VARYING   ;10;;0;;;
CONSISTE  ;CMPANTPRE ;9;VARYING   ;60;;0;;;
CONSISTE  ;TBLANTPRE ;10;VARYING   ;60;;0;;;
CONSISTE  ;CONTCMPANT;11;VARYING   ;60;;0;;;
CONSISTE  ;CMPANTPREV;12;VARYING   ;60;;0;;;
CONSISTE  ;TBLANTPREV;13;VARYING   ;60;;0;;;
CONSISTE  ;CONTCMPANV;14;VARYING   ;60;;0;;;
CONSISTE  ;CHV_REL_AN;15;VARYING   ;60;;0;;;
CONSISTE  ;CHV_REL_AV;16;VARYING   ;60;;0;;;
CONSISTE  ;CHV_LOC_AN;17;VARYING   ;60;;0;;;
CONSISTE  ;CHV_LOC_AV;18;VARYING   ;60;;0;;;
CONSISTE  ;TAB_ID_1  ;19;VARYING   ;60;;0;;;
CONSISTE  ;CHV_REL_1 ;20;VARYING   ;60;;0;;;
CONSISTE  ;TAB_ID_2  ;21;VARYING   ;60;;0;;;
CONSISTE  ;CHV_REL_2 ;22;VARYING   ;60;;0;;;
CONSISTE  ;CHV_LOC_1 ;23;VARYING   ;60;;0;;;
CONSISTE  ;CHV_LOC_2 ;24;VARYING   ;60;;0;;;
CONSISTE  ;CMP_RET_1 ;25;VARYING   ;60;;0;;;
CONSISTE  ;CMP_RET_2 ;26;VARYING   ;60;;0;;;
FCESGEST  ;SIGLA_EST ;0;VARYING   ;2;;0;;;
FCESGEST  ;COD_MUN   ;1;VARYING   ;7;;0;;;
FCESGEST  ;REGIAO    ;2;VARYING   ;4;;0;;;
FCESGEST  ;DISTRITO  ;3;VARYING   ;4;;0;;;
FCESGEST  ;CNPJSIASUS;4;VARYING   ;14;;0;;;
FCESGEST  ;NOMEGESTOR;5;VARYING   ;60;;0;;;
FCESGEST  ;LOGRADOURO;6;VARYING   ;60;;0;;;
FCESGEST  ;COMPLEMENT;7;VARYING   ;60;;0;;;
FCESGEST  ;NUMERO    ;8;VARYING   ;10;;0;;;
FCESGEST  ;BAIRRO    ;9;VARYING   ;60;;0;;;
FCESGEST  ;CEP       ;10;VARYING   ;8;;0;;;
FCESGEST  ;TELEFONE  ;11;VARYING   ;40;;0;;;
FCESGEST  ;FAX       ;12;VARYING   ;40;;0;;;
FCESGEST  ;EMAIL     ;13;VARYING   ;60;;0;;;
FCESGEST  ;INDGESTOR ;14;TEXT      ;1;;0;;;
FCESGEST  ;INDCADASTR;15;TEXT      ;1;;0;;;
FCESGEST  ;INDEXPORTA;16;TEXT      ;1;;0;;;
FCESGEST  ;EMAIL_GEST;17;VARYING   ;60;;0;;;
FCESGEST  ;PREFIXOMAQ;18;VARYING   ;60;;0;;;
FCESGEST  ;N_MAQUINA ;19;VARYING   ;3;;0;;;
FCESGEST  ;INDTIPOCAD;20;TEXT      ;1;;0;;;
FCESGEST  ;RESPONSAVE;21;VARYING   ;60;;0;;;
FCESGEST  ;STATUS    ;22;TEXT      ;1;;0;;;
GFCES001  ;COD_VISAO ;0;LONG      ;4;0.0;0;1.0;;
GFCES001  ;DESCRICAO ;1;VARYING   ;60;;0;1.0;;
GFCES001  ;TP_VISAO  ;2;LONG      ;4;0.0;0;1.0;;
GFCES002  ;COD_VISAO ;0;LONG      ;4;0.0;0;1.0;;
GFCES002  ;COD_COMPOS;1;VARYING   ;60;;0;1.0;;
HISTORICOO;TPOP      ;0;LONG      ;4;0.0;0;;;
HISTORICOO;DTOP      ;1;DATE      ;4;;0;;;
HISTORICOO;DSOP      ;2;VARYING   ;256;;0;;;
HISTORICOO;MAQUINA   ;3;VARYING   ;60;;0;;;
HISTORICOO;USUARIO   ;4;VARYING   ;60;;0;;;
HISTORICOO;INICIO    ;5;VARYING   ;60;;0;;;
HISTORICOO;TERMINO   ;6;VARYING   ;60;;0;;;
HISTORICOO;INFOADICIO;7;VARYING   ;256;;0;;;
HT_CFCES00;DS_REDUZID;0;VARYING   ;255;;0;1.0;;
HT_CFCES00;HIB_SESS_I;1;TEXT      ;36;;0;;;
HT_CFCES00;NU_CNES   ;0;VARYING   ;255;;0;1.0;;
HT_CFCES00;HIB_SESS_I;1;TEXT      ;36;;0;;;
HT_LFCES00;UNIDADE_ID;0;VARYING   ;255;;0;1.0;;
HT_LFCES00;HIB_SESS_I;1;TEXT      ;36;;0;;;
HT_LFCES01;PROF_ID   ;0;VARYING   ;255;;0;1.0;;
HT_LFCES01;HIB_SESS_I;1;TEXT      ;36;;0;;;
HT_LFCES04;COD_AREA  ;0;VARYING   ;255;;0;1.0;;
HT_LFCES04;COD_MUN   ;1;VARYING   ;255;;0;1.0;;
HT_LFCES04;CPF_PROF  ;2;VARYING   ;255;;0;1.0;;
HT_LFCES04;SEQ_EQUIPE;3;LONG      ;4;0.0;0;1.0;;
HT_LFCES04;HIB_SESS_I;4;TEXT      ;36;;0;;;
HT_LFCES05;CNES      ;0;VARYING   ;255;;0;1.0;;
HT_LFCES05;COD_MUN   ;1;VARYING   ;255;;0;1.0;;
HT_LFCES05;COMPETENCI;2;VARYING   ;255;;0;1.0;;
HT_LFCES05;HIB_SESS_I;3;TEXT      ;36;;0;;;
HT_NFCES00;COD_MUN   ;0;VARYING   ;255;;0;1.0;;
HT_NFCES00;HIB_SESS_I;1;TEXT      ;36;;0;;;
HT_NFCES00;COD_ATIVID;0;VARYING   ;255;;0;1.0;;
HT_NFCES00;HIB_SESS_I;1;TEXT      ;36;;0;;;
HT_NFCES01;TP_UNID_ID;0;VARYING   ;255;;0;1.0;;
HT_NFCES01;HIB_SESS_I;1;TEXT      ;36;;0;;;
HT_NFCES02;COD_CBO   ;0;VARYING   ;255;;0;1.0;;
HT_NFCES02;HIB_SESS_I;1;TEXT      ;36;;0;;;
HT_NFCES07;NU_CRM    ;0;VARYING   ;255;;0;1.0;;
HT_NFCES07;SG_UF_CRM ;1;VARYING   ;255;;0;1.0;;
HT_NFCES07;HIB_SESS_I;2;TEXT      ;36;;0;;;
HT_NFCES11;CO_CNES   ;0;VARYING   ;255;;0;1.0;;
HT_NFCES11;CO_CPF    ;1;VARYING   ;255;;0;1.0;;
HT_NFCES11;HIB_SESS_I;2;TEXT      ;36;;0;;;
INFOGESTAO;UNIDADE_ID;0;VARYING   ;31;;0;;;
LFCES000  ;NU_MAC    ;0;VARYING   ;20;;0;1.0;;
LFCES000  ;SIGLA_EST ;1;VARYING   ;2;;0;;;
LFCES000  ;COD_MUN   ;2;VARYING   ;7;;0;;;
LFCES000  ;REGIAO    ;3;VARYING   ;4;;0;;;
LFCES000  ;DISTRITO  ;4;VARYING   ;4;;0;;;
LFCES000  ;CNPJSIASUS;5;VARYING   ;14;;0;;;
LFCES000  ;NOMEGESTOR;6;VARYING   ;60;;0;;;
LFCES000  ;LOGRADOURO;7;VARYING   ;60;;0;;;
LFCES000  ;COMPLEMENT;8;VARYING   ;60;;0;;;
LFCES000  ;NUMERO    ;9;VARYING   ;10;;0;;;
LFCES000  ;BAIRRO    ;10;VARYING   ;60;;0;;;
LFCES000  ;CEP       ;11;VARYING   ;8;;0;;;
LFCES000  ;TELEFONE  ;12;VARYING   ;40;;0;;;
LFCES000  ;FAX       ;13;VARYING   ;40;;0;;;
LFCES000  ;EMAIL     ;14;VARYING   ;60;;0;;;
LFCES000  ;INDGESTOR ;15;TEXT      ;1;;0;;;
LFCES000  ;INDCADASTR;16;TEXT      ;1;;0;;;
LFCES000  ;INDEXPORTA;17;TEXT      ;1;;0;;;
LFCES000  ;EMAIL_GEST;18;VARYING   ;60;;0;;;
LFCES000  ;PREFIXOMAQ;19;VARYING   ;60;;0;;;
LFCES000  ;N_MAQUINA ;20;VARYING   ;3;;0;;;
LFCES000  ;INDTIPOCAD;21;TEXT      ;1;;0;;;
LFCES000  ;RESPONSAVE;22;VARYING   ;60;;0;;;
LFCES000  ;NO_COMPUTA;23;VARYING   ;60;;0;;;
LFCES000  ;NO_SIST_OP;24;VARYING   ;60;;0;;;
LFCES000  ;NU_VERSAO ;25;VARYING   ;10;;0;;;
LFCES000  ;NU_SERV_PA;26;VARYING   ;10;;0;;;
LFCES000  ;TP_CPU    ;27;VARYING   ;60;;0;;;
LFCES000  ;TP_CLOCK  ;28;VARYING   ;10;;0;;;
LFCES000  ;NU_MEMORIA;29;VARYING   ;15;;0;;;
LFCES000  ;NU_HD     ;30;VARYING   ;20;;0;;;
LFCES000  ;IN_CD     ;31;VARYING   ;3;;0;;;
LFCES000  ;IN_IMPRESS;32;VARYING   ;3;;0;;;
LFCES000  ;TP_REDE   ;33;VARYING   ;10;;0;;;
LFCES000  ;IN_INTERNE;34;VARYING   ;13;;0;;;
LFCES000  ;NO_USU_COM;35;VARYING   ;60;;0;;;
LFCES000  ;BANCO     ;36;VARYING   ;60;;0;;;
LFCES000  ;NU_ARQ_ATU;37;LONG      ;4;0.0;0;;;
LFCES000  ;STATUSMOV ;38;TEXT      ;1;;0;;;
LFCES000  ;DATA_ATU  ;39;DATE      ;4;;0;1.0;;
LFCES002  ;UNIDADE_ID;0;VARYING   ;31;;0;1.0;;
LFCES002  ;COD_LEITO ;1;VARYING   ;2;;0;1.0;;
LFCES002  ;CODTPLEITO;2;VARYING   ;2;;0;1.0;;
LFCES002  ;D_ALTACOMP;3;TEXT      ;1;;0;;;
LFCES002  ;QTDE_EXIST;4;LONG      ;4;0.0;0;;;
LFCES002  ;QTDE_CONTR;5;LONG      ;4;0.0;0;;;
LFCES002  ;QTDE_SUS  ;6;LONG      ;4;0.0;0;;;
LFCES002  ;STATUS    ;7;TEXT      ;1;;0;;;
LFCES002  ;STATUSMOV ;8;TEXT      ;1;;0;;;
LFCES002  ;DATA_ATU  ;9;DATE      ;4;;0;1.0;;
LFCES002  ;USUARIO   ;10;VARYING   ;60;;0;1.0;;
LFCES004  ;UNIDADE_ID;0;VARYING   ;31;;0;1.0;;
LFCES004  ;CNES      ;1;VARYING   ;7;;0;;;
LFCES004  ;CNPJ_MANT ;2;VARYING   ;14;;0;;;
LFCES004  ;PFPJ_IND  ;3;TEXT      ;1;;0;;;
LFCES004  ;NIVEL_DEP ;4;TEXT      ;1;;0;;;
LFCES004  ;R_SOCIAL  ;5;VARYING   ;60;;0;1.0;;
LFCES004  ;NOME_FANTA;6;VARYING   ;60;;0;1.0;;
LFCES004  ;LOGRADOURO;7;VARYING   ;60;;0;1.0;;
LFCES004  ;NUMERO    ;8;VARYING   ;10;;0;;;
LFCES004  ;COMPLEMENT;9;VARYING   ;60;;0;;;
LFCES004  ;BAIRRO    ;10;VARYING   ;60;;0;1.0;;
LFCES004  ;COD_CEP   ;11;VARYING   ;8;;0;1.0;;
LFCES004  ;REG_SAUDE ;12;VARYING   ;4;;0;;;
LFCES004  ;MICRO_REG ;13;VARYING   ;6;;0;;;
LFCES004  ;DIST_SANIT;14;VARYING   ;4;;0;;;
LFCES004  ;DIST_ADMIN;15;VARYING   ;4;;0;;;
LFCES004  ;TELEFONE  ;16;VARYING   ;40;;0;;;
LFCES004  ;FAX       ;17;VARYING   ;60;;0;;;
LFCES004  ;E_MAIL    ;18;VARYING   ;60;;0;;;
LFCES004  ;CPF       ;19;VARYING   ;11;;0;;;
LFCES004  ;CNPJ      ;20;VARYING   ;14;;0;;;
LFCES004  ;COD_ATIV  ;21;VARYING   ;2;;0;;;
LFCES004  ;COD_CLIENT;22;VARYING   ;2;;0;;;
LFCES004  ;NUM_ALVARA;23;VARYING   ;60;;0;;;
LFCES004  ;DATA_EXPED;24;DATE      ;4;;0;;;
LFCES004  ;DT_VAL_LIC;25;DATE      ;4;;0;;;
LFCES004  ;TP_LIC_SAN;26;VARYING   ;1;;0;;;
LFCES004  ;IND_ORGEXP;27;VARYING   ;2;;0;;;
LFCES004  ;TP_UNID_ID;28;VARYING   ;2;;0;;;
LFCES004  ;COD_TURNAT;29;VARYING   ;2;;0;;;
LFCES004  ;SIGESTGEST;30;VARYING   ;2;;0;;;
LFCES004  ;CODMUNGEST;31;VARYING   ;7;;0;1.0;;
LFCES004  ;STATUS    ;32;TEXT      ;1;;0;;;
LFCES004  ;STATUSMOV ;33;TEXT      ;1;;0;1.0;;
LFCES004  ;TP_PRESTAD;34;VARYING   ;2;;0;;;
LFCES004  ;DATA_ATU  ;35;DATE      ;4;;0;1.0;;
LFCES004  ;USUARIO   ;36;VARYING   ;60;;0;1.0;;
LFCES004  ;NMUSUARIOE;37;VARYING   ;60;;0;;;
LFCES004  ;CPFDIRETOR;38;VARYING   ;14;;0;;;
LFCES004  ;REGDIRETOR;39;VARYING   ;60;;0;;;
LFCES004  ;CD_MOTIVO_;40;VARYING   ;2;;0;;;
LFCES004  ;DT_VALIDAC;41;TIMESTAMP ;8;;0;;;
LFCES004  ;FL_ADESAO_;42;TEXT      ;1;;0;;;
LFCES004  ;CMPT_VIGEN;43;VARYING   ;6;;0;;;
LFCES004  ;NO_URL    ;44;VARYING   ;60;;0;;;
LFCES004  ;NU_LATITUD;45;VARYING   ;30;;0;;;
LFCES004  ;NU_LONGITU;46;VARYING   ;30;;0;;;
LFCES004  ;DT_ATU_GEO;47;DATE      ;4;;0;;;
LFCES004  ;NO_USUARIO;48;VARYING   ;60;;0;;;
LFCES004  ;CO_NATUREZ;49;VARYING   ;4;;0;;;
LFCES004  ;ST_CNESGER;50;TEXT      ;1;;0;;;
LFCES004  ;TP_ESTAB_S;51;TEXT      ;1;;0;;;
LFCES004  ;ST_GERACRE;52;VARYING   ;1;;0;;;
LFCES004  ;ST_NAT_JUR;53;VARYING   ;1;;0;;;
LFCES004  ;ST_DADOS_C;54;VARYING   ;1;;0;;;
LFCES004  ;ST_CONEXAO;55;VARYING   ;1;;0;;;
LFCES004  ;CO_TIPO_ES;56;VARYING   ;3;;0;;;
LFCES004  ;CO_ATIVIDA;57;VARYING   ;3;;0;;;
LFCES004  ;ST_CONTRAT;58;TEXT      ;1;;0;;;
LFCES004  ;CO_TIPO_AB;59;VARYING   ;2;;0;;;
LFCES004  ;ST_COWORKI;60;TEXT      ;1;;0;;;
LFCES004_T;UNIDADE_ID;0;VARYING   ;31;;0;1.0;;
LFCES004_T;CNES      ;1;VARYING   ;7;;0;;;
LFCES004_T;CNPJ_MANT ;2;VARYING   ;14;;0;;;
LFCES004_T;PFPJ_IND  ;3;TEXT      ;1;;0;;;
LFCES004_T;NIVEL_DEP ;4;TEXT      ;1;;0;;;
LFCES004_T;R_SOCIAL  ;5;VARYING   ;60;;0;1.0;;
LFCES004_T;NOME_FANTA;6;VARYING   ;60;;0;1.0;;
LFCES004_T;LOGRADOURO;7;VARYING   ;60;;0;1.0;;
LFCES004_T;NUMERO    ;8;VARYING   ;10;;0;;;
LFCES004_T;COMPLEMENT;9;VARYING   ;60;;0;;;
LFCES004_T;BAIRRO    ;10;VARYING   ;60;;0;1.0;;
LFCES004_T;COD_CEP   ;11;VARYING   ;8;;0;1.0;;
LFCES004_T;REG_SAUDE ;12;VARYING   ;4;;0;;;
LFCES004_T;MICRO_REG ;13;VARYING   ;6;;0;;;
LFCES004_T;DIST_SANIT;14;VARYING   ;4;;0;;;
LFCES004_T;DIST_ADMIN;15;VARYING   ;4;;0;;;
LFCES004_T;TELEFONE  ;16;VARYING   ;40;;0;;;
LFCES004_T;FAX       ;17;VARYING   ;60;;0;;;
LFCES004_T;E_MAIL    ;18;VARYING   ;60;;0;;;
LFCES004_T;CPF       ;19;VARYING   ;11;;0;;;
LFCES004_T;CNPJ      ;20;VARYING   ;14;;0;;;
LFCES004_T;COD_ATIV  ;21;VARYING   ;2;;0;;;
LFCES004_T;COD_CLIENT;22;VARYING   ;2;;0;;;
LFCES004_T;NUM_ALVARA;23;VARYING   ;60;;0;;;
LFCES004_T;DATA_EXPED;24;DATE      ;4;;0;;;
LFCES004_T;IND_ORGEXP;25;VARYING   ;2;;0;;;
LFCES004_T;TP_UNID_ID;26;VARYING   ;2;;0;;;
LFCES004_T;COD_TURNAT;27;VARYING   ;2;;0;;;
LFCES004_T;SIGESTGEST;28;VARYING   ;2;;0;;;
LFCES004_T;CODMUNGEST;29;VARYING   ;7;;0;1.0;;
LFCES004_T;STATUS    ;30;TEXT      ;1;;0;;;
LFCES004_T;STATUSMOV ;31;TEXT      ;1;;0;1.0;;
LFCES004_T;TP_PRESTAD;32;VARYING   ;2;;0;;;
LFCES004_T;DATA_ATU  ;33;DATE      ;4;;0;1.0;;
LFCES004_T;USUARIO   ;34;VARYING   ;60;;0;1.0;;
LFCES004_T;NMUSUARIOE;35;VARYING   ;60;;0;;;
LFCES004_T;CPFDIRETOR;36;VARYING   ;14;;0;;;
LFCES004_T;REGDIRETOR;37;VARYING   ;60;;0;;;
LFCES004_T;CD_MOTIVO_;38;VARYING   ;2;;0;;;
LFCES004_T;CO_NATUREZ;39;VARYING   ;4;;0;;;
LFCES004_T;CO_TIPO_ES;40;VARYING   ;3;;0;;;
LFCES004_T;CO_ATIVIDA;41;VARYING   ;3;;0;;;
LFCES004_T;CO_TIPO_AB;42;VARYING   ;2;;0;;;
LFCES004_T;ST_COWORKI;43;TEXT      ;1;;0;;;
LFCES005  ;CNPJ_MANT ;0;VARYING   ;14;;0;1.0;;
LFCES005  ;COD_BANCO ;1;VARYING   ;3;;0;;;
LFCES005  ;NUM_AGENC ;2;VARYING   ;5;;0;;;
LFCES005  ;R_SOCIAL  ;3;VARYING   ;60;;0;;;
LFCES005  ;LOGRADOURO;4;VARYING   ;60;;0;;;
LFCES005  ;NUMERO    ;5;VARYING   ;5;;0;;;
LFCES005  ;COMPLEMENT;6;VARYING   ;60;;0;;;
LFCES005  ;BAIRRO    ;7;VARYING   ;60;;0;;;
LFCES005  ;COD_CEP   ;8;VARYING   ;8;;0;;;
LFCES005  ;COD_MUN   ;9;VARYING   ;6;;0;;;
LFCES005  ;REG       ;10;VARYING   ;4;;0;;;
LFCES005  ;TELEFONE  ;11;VARYING   ;40;;0;;;
LFCES005  ;CONTA_CC  ;12;VARYING   ;14;;0;;;
LFCES005  ;ST_FMS_FES;13;TEXT      ;1;;0;;;
LFCES005  ;NU_CNPJ_FM;14;VARYING   ;14;;0;;;
LFCES005  ;DT_PREENCH;15;DATE      ;4;;0;;;
LFCES005  ;CO_NATUREZ;16;VARYING   ;4;;0;;;
LFCES005  ;STATUS    ;17;TEXT      ;1;;0;;;
LFCES005  ;STATUS_MOV;18;TEXT      ;1;;0;1.0;;
LFCES005  ;DATA_ATU  ;19;DATE      ;4;;0;1.0;;
LFCES005  ;USUARIO   ;20;VARYING   ;60;;0;1.0;;
LFCES005  ;NMUSUARIOE;21;VARYING   ;12;;0;;;
LFCES005_T;CNPJ_MANT ;0;VARYING   ;14;;0;1.0;;
LFCES005_T;COD_BANCO ;1;VARYING   ;3;;0;;;
LFCES005_T;NUM_AGENC ;2;VARYING   ;5;;0;;;
LFCES005_T;R_SOCIAL  ;3;VARYING   ;60;;0;;;
LFCES005_T;LOGRADOURO;4;VARYING   ;60;;0;;;
LFCES005_T;NUMERO    ;5;VARYING   ;5;;0;;;
LFCES005_T;BAIRRO    ;6;VARYING   ;60;;0;;;
LFCES005_T;COD_MUN   ;7;VARYING   ;6;;0;;;
LFCES005_T;TELEFONE  ;8;VARYING   ;40;;0;;;
LFCES005_T;CONTA_CC  ;9;VARYING   ;14;;0;;;
LFCES005_T;CO_NATUREZ;10;VARYING   ;4;;0;;;
LFCES005_T;DATA_ATU  ;11;DATE      ;4;;0;1.0;;
LFCES005_T;USUARIO   ;12;VARYING   ;60;;0;1.0;;
LFCES006  ;UNIDADE_ID;0;VARYING   ;31;;0;1.0;;
LFCES006  ;CODATPREST;1;VARYING   ;2;;0;1.0;;
LFCES006  ;COD_CONVEN;2;VARYING   ;2;;0;1.0;;
LFCES006  ;STATUS    ;3;TEXT      ;1;;0;;;
LFCES006  ;STATUSMOV ;4;TEXT      ;1;;0;;;
LFCES006  ;USUARIO   ;5;VARYING   ;60;;0;1.0;;
LFCES006  ;DATA_ATU  ;6;DATE      ;4;;0;1.0;;
LFCES007  ;UNIDADE_ID;0;VARYING   ;31;;0;1.0;;
LFCES007  ;COD_PROG  ;1;VARYING   ;2;;0;1.0;;
LFCES007  ;IND_ESTMUN;2;TEXT      ;1;;0;1.0;;
LFCES007  ;STATUS    ;3;TEXT      ;1;;0;;;
LFCES007  ;STATUSMOV ;4;TEXT      ;1;;0;;;
LFCES007  ;DATA_ATU  ;5;DATE      ;4;;0;1.0;;
LFCES007  ;USUARIO   ;6;VARYING   ;60;;0;1.0;;
LFCES008  ;UNIDADE_ID;0;VARYING   ;31;;0;1.0;;
LFCES008  ;CODREJEITO;1;VARYING   ;2;;0;1.0;;
LFCES008  ;STATUS    ;2;TEXT      ;1;;0;;;
LFCES008  ;STATUSMOV ;3;TEXT      ;1;;0;;;
LFCES008  ;DATA_ATU  ;4;DATE      ;4;;0;1.0;;
LFCES008  ;USUARIO   ;5;VARYING   ;60;;0;1.0;;
LFCES009  ;UNIDADE_ID;0;VARYING   ;31;;0;1.0;;
LFCES009  ;CODSERVICO;1;VARYING   ;2;;0;1.0;;
LFCES009  ;COD_CARACT;2;TEXT      ;1;;0;1.0;;
LFCES009  ;STATUS    ;3;TEXT      ;1;;0;;;
LFCES009  ;STATUSMOV ;4;TEXT      ;1;;0;;;
LFCES009  ;DATA_ATU  ;5;DATE      ;4;;0;1.0;;
LFCES009  ;USUARIO   ;6;VARYING   ;60;;0;1.0;;
LFCES012  ;UNIDADE_ID;0;VARYING   ;31;;0;1.0;;
LFCES012  ;NSALAHBAG ;1;LONG      ;4;0.0;0;;;
LFCES012  ;NSALAHBAG_;2;LONG      ;4;0.0;0;;;
LFCES012  ;NSALA_DPI ;3;LONG      ;4;0.0;0;;;
LFCES012  ;NSALA_DPAC;4;LONG      ;4;0.0;0;;;
LFCES012  ;NSALAREAG ;5;LONG      ;4;0.0;0;;;
LFCES012  ;NSALAREAG_;6;LONG      ;4;0.0;0;;;
LFCES012  ;NSALAREHCV;7;LONG      ;4;0.0;0;;;
LFCES012  ;NMAQH_PROP;8;LONG      ;4;0.0;0;;;
LFCES012  ;NMAQH_OUTR;9;LONG      ;4;0.0;0;;;
LFCES012  ;NEURO_RESP;10;VARYING   ;60;;0;;;
LFCES012  ;CPF_NEURO ;11;VARYING   ;11;;0;;;
LFCES012  ;DIRET_RESP;12;VARYING   ;60;;0;;;
LFCES012  ;CPF_DIRETO;13;VARYING   ;11;;0;;;
LFCES012  ;STATUS    ;14;TEXT      ;1;;0;;;
LFCES012  ;STATUSMOV ;15;TEXT      ;1;;0;;;
LFCES012  ;FILTAREIA ;16;TEXT      ;1;;0;;;
LFCES012  ;FILTCARV  ;17;TEXT      ;1;;0;;;
LFCES012  ;ABRAND    ;18;TEXT      ;1;;0;;;
LFCES012  ;DEIONIZ   ;19;TEXT      ;1;;0;;;
LFCES012  ;MOSMOREV  ;20;TEXT      ;1;;0;;;
LFCES012  ;OUTROS    ;21;TEXT      ;1;;0;;;
LFCES012  ;USUARIO   ;22;VARYING   ;60;;0;1.0;;
LFCES012  ;DATA_ATU  ;23;DATE      ;4;;0;1.0;;
LFCES013  ;UNIDADE_ID;0;VARYING   ;31;;0;1.0;;
LFCES013  ;NSALARSIMU;1;LONG      ;4;0.0;0;;;
LFCES013  ;NSALARPLAN;2;LONG      ;4;0.0;0;;;
LFCES013  ;CPFMEDRADM;3;VARYING   ;11;;0;;;
LFCES013  ;CPFMRONCPD;4;VARYING   ;11;;0;;;
LFCES013  ;CPFMRCIRON;5;VARYING   ;11;;0;;;
LFCES013  ;CPFMR_RAD ;6;VARYING   ;11;;0;;;
LFCES013  ;CPFMR_FIS ;7;VARYING   ;11;;0;;;
LFCES013  ;NSLARARMFO;8;LONG      ;4;0.0;0;;;
LFCES013  ;NSLARCONFM;9;LONG      ;4;0.0;0;;;
LFCES013  ;NSLARMOLDE;10;LONG      ;4;0.0;0;;;
LFCES013  ;NSLARBOLCP;11;LONG      ;4;0.0;0;;;
LFCES013  ;NSLAQARMAZ;12;LONG      ;4;0.0;0;;;
LFCES013  ;NSLAQPREPA;13;LONG      ;4;0.0;0;;;
LFCES013  ;NSLAQCDURA;14;LONG      ;4;0.0;0;;;
LFCES013  ;NSLAQLDURA;15;LONG      ;4;0.0;0;;;
LFCES013  ;NSLACPFLUL;16;LONG      ;4;0.0;0;;;
LFCES013  ;QEQRSIMULA;17;LONG      ;4;0.0;0;;;
LFCES013  ;QEQRACELL6;18;LONG      ;4;0.0;0;;;
LFCES013  ;QEQR_6SEME;19;LONG      ;4;0.0;0;;;
LFCES013  ;QEQR_6COME;20;LONG      ;4;0.0;0;;;
LFCES013  ;QRORTV1050;21;LONG      ;4;0.0;0;;;
LFCES013  ;QRORV50150;22;LONG      ;4;0.0;0;;;
LFCES013  ;QROV150500;23;LONG      ;4;0.0;0;;;
LFCES013  ;QRUNIDCOBA;24;LONG      ;4;0.0;0;;;
LFCES013  ;QEQRBRBAIX;25;LONG      ;4;0.0;0;;;
LFCES013  ;QEQRBRMEDI;26;LONG      ;4;0.0;0;;;
LFCES013  ;QEQRBRALTA;27;LONG      ;4;0.0;0;;;
LFCES013  ;QEQRMONITA;28;LONG      ;4;0.0;0;;;
LFCES013  ;QEQRMONITI;29;LONG      ;4;0.0;0;;;
LFCES013  ;QEQRSISPLN;30;LONG      ;4;0.0;0;;;
LFCES013  ;QEQRDOSCLI;31;LONG      ;4;0.0;0;;;
LFCES013  ;QEQRFONSEL;32;LONG      ;4;0.0;0;;;
LFCES013  ;NM_MEDRADM;33;VARYING   ;60;;0;;;
LFCES013  ;NM_MRONCPD;34;VARYING   ;60;;0;;;
LFCES013  ;NM_MRCIRON;35;VARYING   ;60;;0;;;
LFCES013  ;NM_MR_RAD ;36;VARYING   ;60;;0;;;
LFCES013  ;NM_MRFIS  ;37;VARYING   ;60;;0;;;
LFCES013  ;CPFMRONC  ;38;VARYING   ;11;;0;;;
LFCES013  ;NM_MRONC  ;39;VARYING   ;60;;0;;;
LFCES013  ;STATUS    ;40;TEXT      ;1;;0;;;
LFCES013  ;STATUSMOV ;41;TEXT      ;1;;0;;;
LFCES013  ;DATA_ATU  ;42;DATE      ;4;;0;1.0;;
LFCES013  ;USUARIO   ;43;VARYING   ;60;;0;1.0;;
LFCES014  ;UNIDADE_ID;0;VARYING   ;31;;0;1.0;;
LFCES014  ;COD_COMIS ;1;VARYING   ;2;;0;1.0;;
LFCES014  ;DT_ATIVACA;2;DATE      ;4;;0;;;
LFCES014  ;DT_DESATIV;3;DATE      ;4;;0;;;
LFCES014  ;STATUS    ;4;TEXT      ;1;;0;;;
LFCES014  ;STATUSMOV ;5;TEXT      ;1;;0;;;
LFCES014  ;DATA_ATU  ;6;DATE      ;4;;0;1.0;;
LFCES014  ;USUARIO   ;7;VARYING   ;60;;0;1.0;;
LFCES015  ;UNIDADE_ID;0;VARYING   ;31;;0;1.0;;
LFCES015  ;COD_INSTAL;1;VARYING   ;2;;0;1.0;;
LFCES015  ;QTDE_INST ;2;LONG      ;4;0.0;0;;;
LFCES015  ;NUM_LEITOS;3;LONG      ;4;0.0;0;;;
LFCES015  ;STATUS    ;4;TEXT      ;1;;0;;;
LFCES015  ;STATUSMOV ;5;TEXT      ;1;;0;;;
LFCES015  ;DATA_ATU  ;6;DATE      ;4;;0;1.0;;
LFCES015  ;USUARIO   ;7;VARYING   ;60;;0;1.0;;
LFCES018  ;PROF_ID   ;0;VARYING   ;16;;0;1.0;;
LFCES018  ;CPF_PROF  ;1;VARYING   ;11;;0;1.0;;
LFCES018  ;PISPASEP  ;2;VARYING   ;11;;0;;;
LFCES018  ;NOME_PROF ;3;VARYING   ;60;;0;1.0;;
LFCES018  ;NOME_MAE  ;4;VARYING   ;60;;0;;;
LFCES018  ;DATA_NASC ;5;DATE      ;4;;0;;;
LFCES018  ;COD_MUN   ;6;VARYING   ;7;;0;;;
LFCES018  ;SEXO      ;7;TEXT      ;1;;0;;;
LFCES018  ;NUM_LIVRO ;8;VARYING   ;8;;0;;;
LFCES018  ;NUM_FOLHA ;9;VARYING   ;4;;0;;;
LFCES018  ;NUM_TERMO ;10;VARYING   ;8;;0;;;
LFCES018  ;CODORGEMIS;11;VARYING   ;2;;0;;;
LFCES018  ;DATA_EMISS;12;DATE      ;4;;0;;;
LFCES018  ;NUM_IDENT ;13;VARYING   ;15;;0;;;
LFCES018  ;SIGLA_EST ;14;VARYING   ;2;;0;;;
LFCES018  ;DTEMIIDENT;15;DATE      ;4;;0;;;
LFCES018  ;DATA_ENTRA;16;DATE      ;4;;0;;;
LFCES018  ;CTPS_NUMER;17;VARYING   ;7;;0;;;
LFCES018  ;SERIE     ;18;VARYING   ;5;;0;;;
LFCES018  ;SIGESTCTPS;19;VARYING   ;2;;0;;;
LFCES018  ;DTEMISCTPS;20;DATE      ;4;;0;;;
LFCES018  ;LOGRADOURO;21;VARYING   ;60;;0;;;
LFCES018  ;NUMERO    ;22;VARYING   ;10;;0;;;
LFCES018  ;COMPLEMENT;23;VARYING   ;60;;0;;;
LFCES018  ;BAIRRODIST;24;VARYING   ;60;;0;;;
LFCES018  ;COD_CEP   ;25;VARYING   ;8;;0;;;
LFCES018  ;SIGLA_UF  ;26;VARYING   ;2;;0;;;
LFCES018  ;CODESCOLAR;27;VARYING   ;2;;0;;;
LFCES018  ;COD_CERTID;28;VARYING   ;2;;0;;;
LFCES018  ;IND_NACIO ;29;TEXT      ;1;;0;;;
LFCES018  ;NOME_CARTO;30;VARYING   ;60;;0;;;
LFCES018  ;COD_BANCO ;31;VARYING   ;3;;0;;;
LFCES018  ;NOME_PAIS ;32;VARYING   ;60;;0;;;
LFCES018  ;NUM_AGENC ;33;VARYING   ;5;;0;;;
LFCES018  ;CONTA_CC  ;34;VARYING   ;14;;0;;;
LFCES018  ;COD_CNS   ;35;VARYING   ;60;;0;;;
LFCES018  ;D_TERCSIH ;36;TEXT      ;1;;0;;;
LFCES018  ;STATUS    ;37;TEXT      ;1;;0;;;
LFCES018  ;STATUSMOV ;38;TEXT      ;1;;0;1.0;;
LFCES018  ;DATA_ATU  ;39;DATE      ;4;;0;1.0;;
LFCES018  ;USUARIO   ;40;VARYING   ;60;;0;1.0;;
LFCES018  ;NMUSUARIOE;41;VARYING   ;12;;0;;;
LFCES018  ;CD_RACA   ;42;VARYING   ;2;;0;;;
LFCES018  ;CO_ETNIA  ;43;VARYING   ;3;;0;;;
LFCES018  ;NOME_PAI  ;44;VARYING   ;60;;0;;;
LFCES018  ;TELEFONE  ;45;VARYING   ;40;;0;;;
LFCES018  ;CD_TP_LOGR;46;VARYING   ;3;;0;;;
LFCES018  ;PORTARIA  ;47;VARYING   ;16;;0;;;
LFCES018  ;DT_NATUR  ;48;DATE      ;4;;0;;;
LFCES018  ;CD_PAIS   ;49;VARYING   ;3;;0;;;
LFCES018  ;COD_MUN_RE;50;VARYING   ;6;;0;;;
LFCES018  ;UF_RES    ;51;TEXT      ;2;;0;;;
LFCES018  ;NO_EMAIL  ;52;VARYING   ;60;;0;;;
LFCES018  ;CO_PAIS_RE;53;VARYING   ;3;;0;;;
LFCES018  ;NU_CARTEIR;54;VARYING   ;15;;0;;;
LFCES018  ;DT_EMIS_CA;55;DATE      ;4;;0;;;
LFCES018  ;UF_CARTEIR;56;VARYING   ;2;;0;;;
LFCES018  ;ST_NMPROF_;57;TEXT      ;1;;0;;;
LFCES018  ;ST_CNS_COR;58;TEXT      ;1;;0;;;
LFCES018  ;NO_SOCIAL ;59;VARYING   ;60;;0;;;
LFCES018_T;PROF_ID   ;0;VARYING   ;16;;0;1.0;;
LFCES018_T;CPF_PROF  ;1;VARYING   ;11;;0;1.0;;
LFCES018_T;NOME_PROF ;2;VARYING   ;60;;0;1.0;;
LFCES018_T;COD_CNS   ;3;VARYING   ;60;;0;;;
LFCES018_T;STATUSMOV ;4;TEXT      ;1;;0;1.0;;
LFCES018_T;DATA_ATU  ;5;DATE      ;4;;0;1.0;;
LFCES018_T;USUARIO   ;6;VARYING   ;60;;0;1.0;;
LFCES018_T;NO_SOCIAL ;7;VARYING   ;60;;0;;;
LFCES019  ;UNIDADE_ID;0;VARYING   ;31;;0;1.0;;
LFCES019  ;CODSERVCOM;1;VARYING   ;2;;0;1.0;;
LFCES019  ;INDSERVCOM;2;TEXT      ;1;;0;1.0;;
LFCES019  ;CNPJ      ;3;VARYING   ;14;;0;1.0;;
LFCES019  ;R_SOCIAL  ;4;VARYING   ;60;;0;1.0;;
LFCES019  ;COD_MUN   ;5;VARYING   ;7;;0;1.0;;
LFCES019  ;STATUS    ;6;TEXT      ;1;;0;;;
LFCES019  ;STATUSMOV ;7;TEXT      ;1;;0;;;
LFCES019  ;USUARIO   ;8;VARYING   ;60;;0;1.0;;
LFCES019  ;DATA_ATU  ;9;DATE      ;4;;0;1.0;;
LFCES020  ;UNIDADE_ID;0;VARYING   ;31;;0;1.0;;
LFCES020  ;COD_EQUIP ;1;VARYING   ;2;;0;1.0;;
LFCES020  ;QTDE_EXIST;2;LONG      ;4;0.0;0;;;
LFCES020  ;QTDE_USO  ;3;LONG      ;4;0.0;0;;;
LFCES020  ;IND_SUS   ;4;TEXT      ;1;;0;;;
LFCES020  ;CODTPEQUIP;5;TEXT      ;2;;0;1.0;;
LFCES020  ;STATUS    ;6;TEXT      ;1;;0;;;
LFCES020  ;STATUSMOV ;7;TEXT      ;1;;0;;;
LFCES020  ;DATA_ATU  ;8;DATE      ;4;;0;1.0;;
LFCES020  ;USUARIO   ;9;VARYING   ;60;;0;1.0;;
LFCES020  ;QT_SUS    ;10;LONG      ;4;0.0;0;;;
LFCES021  ;UNIDADE_ID;0;VARYING   ;31;;0;1.0;;
LFCES021  ;PROF_ID   ;1;VARYING   ;16;;0;1.0;;
LFCES021  ;COD_CBO   ;2;VARYING   ;6;;0;1.0;;
LFCES021  ;TP_SUS_NAO;3;TEXT      ;1;;0;1.0;;
LFCES021  ;IND_VINC  ;4;VARYING   ;6;;0;1.0;;
LFCES021  ;NU_CNPJ_DE;5;VARYING   ;14;;0;;;
LFCES021  ;D_TERCSIH ;6;TEXT      ;1;;0;;;
LFCES021  ;CGHORAOUTR;7;LONG      ;4;0.0;0;;;
LFCES021  ;CG_HORAAMB;8;LONG      ;4;0.0;0;;;
LFCES021  ;CGHORAHOSP;9;LONG      ;4;0.0;0;;;
LFCES021  ;CONSELHOID;10;VARYING   ;2;;0;;;
LFCES021  ;N_REGISTRO;11;VARYING   ;60;;0;;;
LFCES021  ;SG_UF_CRM ;12;VARYING   ;2;;0;;;
LFCES021  ;TP_PRECEPT;13;TEXT      ;1;;0;1.0;;
LFCES021  ;TP_RESIDEN;14;TEXT      ;1;;0;1.0;;
LFCES021  ;STATUS    ;15;TEXT      ;1;;0;;;
LFCES021  ;STATUSMOV ;16;TEXT      ;1;;0;;;
LFCES021  ;DATA_ATU  ;17;DATE      ;4;;0;1.0;;
LFCES021  ;USUARIO   ;18;VARYING   ;60;;0;1.0;;
LFCES021  ;CHECKSUM  ;19;VARYING   ;24;;0;;;
LFCES021_T;UNIDADE_ID;0;VARYING   ;31;;0;1.0;;
LFCES021_T;PROF_ID   ;1;VARYING   ;16;;0;1.0;;
LFCES021_T;COD_CBO   ;2;VARYING   ;6;;0;1.0;;
LFCES021_T;TP_SUS_NAO;3;TEXT      ;1;;0;1.0;;
LFCES021_T;IND_VINC  ;4;VARYING   ;6;;0;1.0;;
LFCES021_T;NU_CNPJ_DE;5;VARYING   ;14;;0;;;
LFCES021_T;D_TERCSIH ;6;TEXT      ;1;;0;;;
LFCES021_T;CGHORAOUTR;7;LONG      ;4;0.0;0;;;
LFCES021_T;CG_HORAAMB;8;LONG      ;4;0.0;0;;;
LFCES021_T;CGHORAHOSP;9;LONG      ;4;0.0;0;;;
LFCES021_T;CONSELHOID;10;VARYING   ;2;;0;;;
LFCES021_T;N_REGISTRO;11;VARYING   ;60;;0;;;
LFCES021_T;SG_UF_CRM ;12;VARYING   ;2;;0;;;
LFCES021_T;TP_PRECEPT;13;TEXT      ;1;;0;;;
LFCES021_T;TP_RESIDEN;14;TEXT      ;1;;0;;;
LFCES021_T;STATUS    ;15;TEXT      ;1;;0;;;
LFCES021_T;STATUSMOV ;16;TEXT      ;1;;0;;;
LFCES021_T;DATA_ATU  ;17;DATE      ;4;;0;;;
LFCES021_T;USUARIO   ;18;VARYING   ;60;;0;;;
LFCES021_T;COD_CNS   ;19;VARYING   ;60;;0;;;
LFCES023  ;COD_BANCO ;0;TEXT      ;3;;0;1.0;;
LFCES023  ;DESCRICAO ;1;VARYING   ;60;;0;1.0;;
LFCES023  ;DATA_ATU  ;2;DATE      ;4;;0;1.0;;
LFCES027  ;UNIDADE_ID;0;VARYING   ;31;;0;1.0;;
LFCES027  ;NSRECEPCAD;1;VARYING   ;3;;0;;;
LFCES027  ;NSTRIAGHMT;2;VARYING   ;3;;0;;;
LFCES027  ;NSTRIAGCLN;3;VARYING   ;3;;0;;;
LFCES027  ;NSCOLETA  ;4;VARYING   ;3;;0;;;
LFCES027  ;NSAFERESE ;5;VARYING   ;3;;0;;;
LFCES027  ;NSPRESTOQ ;6;VARYING   ;3;;0;;;
LFCES027  ;NSPROCES  ;7;VARYING   ;3;;0;;;
LFCES027  ;NSESTOQUE ;8;VARYING   ;3;;0;;;
LFCES027  ;NSDISTRIB ;9;VARYING   ;3;;0;;;
LFCES027  ;NSOROLOGIA;10;VARYING   ;3;;0;;;
LFCES027  ;NSIMUNOHEM;11;VARYING   ;3;;0;;;
LFCES027  ;NSPRETRANF;12;VARYING   ;3;;0;;;
LFCES027  ;NSHEMOSTA ;13;VARYING   ;3;;0;;;
LFCES027  ;NSCONTROLQ;14;VARYING   ;3;;0;;;
LFCES027  ;NSBIOMOLEC;15;VARYING   ;3;;0;;;
LFCES027  ;NSIMUNOFEN;16;VARYING   ;3;;0;;;
LFCES027  ;NSTRANSFUS;17;VARYING   ;3;;0;;;
LFCES027  ;NSSGDOADOR;18;VARYING   ;3;;0;;;
LFCES027  ;QECADRECLI;19;VARYING   ;3;;0;;;
LFCES027  ;QECENTREFR;20;VARYING   ;3;;0;;;
LFCES027  ;QERFGUASNG;21;VARYING   ;3;;0;;;
LFCES027  ;QECONGRAPD;22;VARYING   ;3;;0;;;
LFCES027  ;QEEXTAPLSM;23;VARYING   ;3;;0;;;
LFCES027  ;QEFREEZE18;24;VARYING   ;3;;0;;;
LFCES027  ;QEFREEZE30;25;VARYING   ;3;;0;;;
LFCES027  ;QEAGITPLQT;26;VARYING   ;3;;0;;;
LFCES027  ;QESELADORA;27;VARYING   ;3;;0;;;
LFCES027  ;QEIRRADHEM;28;VARYING   ;3;;0;;;
LFCES027  ;QEAGLTNOSC;29;VARYING   ;3;;0;;;
LFCES027  ;QEMAQAFRES;30;VARYING   ;3;;0;;;
LFCES027  ;QERFGAREAG;31;VARYING   ;3;;0;;;
LFCES027  ;QERFGAMSTS;32;VARYING   ;3;;0;;;
LFCES027  ;QECAPFLLAM;33;VARYING   ;3;;0;;;
LFCES027  ;NOMRHEMOT ;34;VARYING   ;60;;0;;;
LFCES027  ;NOMRHEMAT ;35;VARYING   ;60;;0;;;
LFCES027  ;NORETECSO ;36;VARYING   ;60;;0;;;
LFCES027  ;NOMRCAPAC ;37;VARYING   ;60;;0;;;
LFCES027  ;CPFMRHEMOT;38;VARYING   ;11;;0;;;
LFCES027  ;CPFMRHEMAT;39;VARYING   ;11;;0;;;
LFCES027  ;CPFMRTECSO;40;VARYING   ;11;;0;;;
LFCES027  ;CPFMRCAPAC;41;VARYING   ;11;;0;;;
LFCES027  ;STATUS    ;42;TEXT      ;1;;0;;;
LFCES027  ;STATUSMOV ;43;TEXT      ;1;;0;;;
LFCES027  ;DATA_ATU  ;44;DATE      ;4;;0;1.0;;
LFCES027  ;USUARIO   ;45;VARYING   ;60;;0;1.0;;
LFCES029  ;COD_REGIAO;0;VARYING   ;4;;0;;;
LFCES029  ;NOME_REG  ;1;VARYING   ;60;;0;;;
LFCES030  ;COD_DSAN  ;0;VARYING   ;4;;0;;;
LFCES030  ;NOME_DSAN ;1;VARYING   ;60;;0;;;
LFCES031  ;COD_DADM  ;0;VARYING   ;4;;0;;;
LFCES031  ;NOME_DADM ;1;VARYING   ;60;;0;;;
LFCES032  ;UNIDADE_ID;0;VARYING   ;31;;0;1.0;;
LFCES032  ;CODSERVICO;1;VARYING   ;3;;0;1.0;;
LFCES032  ;COD_CARACT;2;TEXT      ;1;;0;1.0;;
LFCES032  ;COD_CLASS ;3;VARYING   ;3;;0;1.0;;
LFCES032  ;CNPJCPF   ;4;VARYING   ;14;;0;1.0;;
LFCES032  ;COD_ENDCOM;5;VARYING   ;5;;0;1.0;;
LFCES032  ;D_AMB     ;6;TEXT      ;1;;0;;;
LFCES032  ;D_AMBSUS  ;7;TEXT      ;1;;0;;;
LFCES032  ;D_HOSP    ;8;TEXT      ;1;;0;;;
LFCES032  ;D_HOSPSUS ;9;TEXT      ;1;;0;;;
LFCES032  ;STATUS    ;10;TEXT      ;1;;0;;;
LFCES032  ;STATUSMOV ;11;TEXT      ;1;;0;;;
LFCES032  ;DATA_ATU  ;12;DATE      ;4;;0;1.0;;
LFCES032  ;USUARIO   ;13;VARYING   ;60;;0;1.0;;
LFCES032  ;ST_ATIVO_S;14;TEXT      ;1;;0;;;
LFCES033  ;COD_MREG  ;0;VARYING   ;6;;0;;;
LFCES033  ;NOME_MREG ;1;VARYING   ;60;;0;;;
LFCES034  ;UNIDADE_ID;0;VARYING   ;31;;0;1.0;;
LFCES034  ;COOP_ID   ;1;VARYING   ;31;;0;1.0;;
LFCES034  ;CBO       ;2;VARYING   ;6;;0;1.0;;
LFCES034  ;STATUS    ;3;TEXT      ;1;;0;;;
LFCES034  ;STATUSMOV ;4;TEXT      ;1;;0;;;
LFCES034  ;USUARIO   ;5;VARYING   ;60;;0;1.0;;
LFCES034  ;DATA_ATU  ;6;DATE      ;4;;0;1.0;;
LFCES035  ;NO_TABELA ;0;VARYING   ;60;;0;;;
LFCES035  ;COMP_CHV1 ;1;VARYING   ;60;;0;;;
LFCES035  ;COMP_CHV2 ;2;VARYING   ;60;;0;;;
LFCES035  ;COMP_CHV3 ;3;VARYING   ;60;;0;;;
LFCES035  ;DT_PROCESS;4;DATE      ;4;;0;;;
LFCES035  ;DT_EXPORT ;5;DATE      ;4;;0;;;
LFCES035  ;DT_EXCL   ;6;DATE      ;4;;0;;;
LFCES035  ;STATUSMOV ;7;TEXT      ;1;;0;;;
LFCES035  ;STATUS    ;8;TEXT      ;1;;0;;;
LFCES035  ;USUARIO   ;9;VARYING   ;60;;0;;;
LFCES035  ;NO_MANTEN ;10;VARYING   ;60;;0;;;
LFCES035  ;NO_PROF   ;11;VARYING   ;60;;0;;;
LFCES035  ;NO_ESTAB  ;12;VARYING   ;60;;0;;;
LFCES035  ;COD_MUN   ;13;VARYING   ;6;;0;;;
LFCES035  ;UNIDADE_ID;14;VARYING   ;31;;0;;;
LFCES035  ;COMPETENCI;15;VARYING   ;6;;0;;;
LFCES037  ;COD_MUN   ;0;VARYING   ;6;;0;1.0;;
LFCES037  ;COD_AREA  ;1;VARYING   ;4;;0;1.0;;
LFCES037  ;SEQ_EQUIPE;2;LONG      ;4;0.0;0;1.0;;
LFCES037  ;CO_EQUIPE ;3;VARYING   ;10;;0;;;
LFCES037  ;UNIDADE_ID;4;VARYING   ;31;;0;1.0;;
LFCES037  ;TP_EQUIPE ;5;VARYING   ;2;;0;1.0;;
LFCES037  ;CO_SUB_TIP;6;VARYING   ;2;;0;;;
LFCES037  ;NM_REFEREN;7;VARYING   ;60;;0;1.0;;
LFCES037  ;DT_ATIVACA;8;DATE      ;4;;0;1.0;;
LFCES037  ;DT_DESATIV;9;DATE      ;4;;0;;;
LFCES037  ;TP_POP_ASS;10;TEXT      ;1;;0;1.0;;
LFCES037  ;TP_POP_ASS;11;TEXT      ;1;;0;1.0;;
LFCES037  ;TP_POP_ASS;12;TEXT      ;1;;0;1.0;;
LFCES037  ;TP_POP_ASS;13;TEXT      ;1;;0;1.0;;
LFCES037  ;TP_POP_ASS;14;TEXT      ;1;;0;1.0;;
LFCES037  ;TP_POP_ASS;15;TEXT      ;1;;0;1.0;;
LFCES037  ;TP_POP_ASS;16;TEXT      ;1;;0;1.0;;
LFCES037  ;TP_POP_ASS;17;TEXT      ;1;;0;1.0;;
LFCES037  ;TP_POP_ASS;18;TEXT      ;1;;0;1.0;;
LFCES037  ;TP_POP_ASS;19;TEXT      ;1;;0;1.0;;
LFCES037  ;TP_POP_ASS;20;TEXT      ;1;;0;1.0;;
LFCES037  ;CD_MOTIVO_;21;VARYING   ;2;;0;;;
LFCES037  ;CD_TP_DESA;22;VARYING   ;2;;0;;;
LFCES037  ;CO_CNES_UO;23;VARYING   ;7;;0;;;
LFCES037  ;NU_CH_AMB_;24;LONG      ;4;0.0;0;;;
LFCES037  ;CO_PROF_SU;25;VARYING   ;16;;0;;;
LFCES037  ;CO_CNES_PR;26;VARYING   ;7;;0;;;
LFCES037  ;STATUSMOV ;27;TEXT      ;1;;0;;;
LFCES037  ;DATA_ATU  ;28;DATE      ;4;;0;;;
LFCES037  ;USUARIO   ;29;VARYING   ;60;;0;;;
LFCES038  ;COD_MUN   ;0;VARYING   ;6;;0;1.0;;
LFCES038  ;COD_AREA  ;1;VARYING   ;4;;0;1.0;;
LFCES038  ;SEQ_EQUIPE;2;LONG      ;4;0.0;0;1.0;;
LFCES038  ;PROF_ID   ;3;VARYING   ;16;;0;1.0;;
LFCES038  ;UNIDADE_ID;4;VARYING   ;31;;0;1.0;;
LFCES038  ;COD_CBO   ;5;VARYING   ;6;;0;1.0;;
LFCES038  ;IND_VINC  ;6;VARYING   ;6;;0;1.0;;
LFCES038  ;TP_SUS_NAO;7;TEXT      ;1;;0;1.0;;
LFCES038  ;FL_EQUIPEM;8;TEXT      ;1;;0;1.0;;
LFCES038  ;MICROAREA ;9;VARYING   ;2;;0;;;
LFCES038  ;CO_MUN_ATU;10;VARYING   ;6;;0;;;
LFCES038  ;DT_ENTRADA;11;DATE      ;4;;0;1.0;;
LFCES038  ;DT_DESLIGA;12;DATE      ;4;;0;;;
LFCES038  ;CNES_OUTRA;13;VARYING   ;7;;0;;;
LFCES038  ;COD_MUN_OU;14;VARYING   ;6;;0;;;
LFCES038  ;COD_AREA_O;15;VARYING   ;4;;0;;;
LFCES038  ;PROF_ID_CH;16;VARYING   ;16;;0;;;
LFCES038  ;COD_CBO_CH;17;VARYING   ;6;;0;;;
LFCES038  ;DATA_ATU  ;18;DATE      ;4;;0;;;
LFCES038  ;USUARIO   ;19;VARYING   ;60;;0;;;
LFCES039  ;UNIDADE_ID;0;VARYING   ;31;;0;1.0;;
LFCES039  ;SQ_RESIDEN;1;LONG      ;4;0.0;0;1.0;;
LFCES039  ;NU_RESIDEN;2;VARYING   ;10;;0;1.0;;
LFCES039  ;NM_REFEREN;3;VARYING   ;60;;0;1.0;;
LFCES039  ;DS_LOGRADO;4;VARYING   ;60;;0;;;
LFCES039  ;DS_COMPLEM;5;VARYING   ;60;;0;;;
LFCES039  ;NU_LOGRADO;6;VARYING   ;10;;0;;;
LFCES039  ;DS_BAIRRO ;7;VARYING   ;60;;0;;;
LFCES039  ;COD_MUN   ;8;VARYING   ;6;;0;;;
LFCES039  ;CO_CEP    ;9;VARYING   ;8;;0;;;
LFCES039  ;CO_DDD    ;10;VARYING   ;3;;0;;;
LFCES039  ;NU_TELEFON;11;VARYING   ;40;;0;;;
LFCES039  ;TP_SRT    ;12;TEXT      ;1;;0;;;
LFCES039  ;NU_CUIDADO;13;LONG      ;4;0.0;0;;;
LFCES039  ;NU_CAPACID;14;LONG      ;4;0.0;0;;;
LFCES039  ;NU_CAPACID;15;LONG      ;4;0.0;0;;;
LFCES039  ;PROF_ID   ;16;VARYING   ;16;;0;1.0;;
LFCES039  ;COD_CBO   ;17;VARYING   ;6;;0;1.0;;
LFCES039  ;TP_SUS_NAO;18;TEXT      ;1;;0;1.0;;
LFCES039  ;IND_VINC  ;19;VARYING   ;6;;0;1.0;;
LFCES039  ;ST_PARCERI;20;TEXT      ;1;;0;;;
LFCES039  ;NU_CNPJ_ON;21;VARYING   ;14;;0;;;
LFCES039  ;DT_ATIVACA;22;DATE      ;4;;0;;;
LFCES039  ;DT_DESATIV;23;DATE      ;4;;0;;;
LFCES039  ;DATA_ATU  ;24;DATE      ;4;;0;;;
LFCES039  ;USUARIO   ;25;VARYING   ;60;;0;;;
LFCES040  ;COD_MUN   ;0;VARYING   ;6;;0;1.0;;
LFCES040  ;CD_SEGMENT;1;VARYING   ;2;;0;1.0;;
LFCES040  ;DS_SEGMENT;2;VARYING   ;60;;0;1.0;;
LFCES040  ;TP_SEGMENT;3;TEXT      ;1;;0;1.0;;
LFCES040  ;DATA_ATU  ;4;DATE      ;4;;0;;;
LFCES040  ;USUARIO   ;5;VARYING   ;60;;0;;;
LFCES041  ;COD_MUN   ;0;VARYING   ;6;;0;1.0;;
LFCES041  ;COD_AREA  ;1;VARYING   ;4;;0;1.0;;
LFCES041  ;DS_AREA   ;2;VARYING   ;60;;0;1.0;;
LFCES041  ;CD_SEGMENT;3;VARYING   ;2;;0;1.0;;
LFCES041  ;DATA_ATU  ;4;DATE      ;4;;0;;;
LFCES041  ;USUARIO   ;5;VARYING   ;60;;0;;;
LFCES043  ;COD_MUN   ;0;VARYING   ;6;;0;1.0;;
LFCES043  ;COD_AREA  ;1;VARYING   ;4;;0;1.0;;
LFCES043  ;SEQ_EQUIPE;2;LONG      ;4;0.0;0;1.0;;
LFCES043  ;PROF_ID   ;3;VARYING   ;16;;0;1.0;;
LFCES043  ;TP_CHDIFER;4;VARYING   ;2;;0;1.0;;
LFCES043  ;SEQ_CHDIFE;5;LONG      ;4;0.0;0;1.0;;
LFCES043  ;CNES_CHDIF;6;VARYING   ;7;;0;;;
LFCES043  ;CGHORAOUTR;7;LONG      ;4;0.0;0;;;
LFCES043  ;DATA_ATU  ;8;DATE      ;4;;0;;;
LFCES043  ;USUARIO   ;9;VARYING   ;60;;0;;;
LFCES044  ;COD_MUN   ;0;VARYING   ;6;;0;1.0;;
LFCES044  ;COD_AREA  ;1;VARYING   ;4;;0;1.0;;
LFCES044  ;SEQ_EQUIPE;2;LONG      ;4;0.0;0;1.0;;
LFCES044  ;PROF_ID   ;3;VARYING   ;16;;0;1.0;;
LFCES044  ;CNES_ATEND;4;VARYING   ;7;;0;1.0;;
LFCES044  ;DATA_ATU  ;5;DATE      ;4;;0;;;
LFCES044  ;USUARIO   ;6;VARYING   ;60;;0;;;
LFCES045  ;UNIDADE_ID;0;VARYING   ;31;;0;1.0;;
LFCES045  ;CO_HABILIT;1;VARYING   ;4;;0;1.0;;
LFCES045  ;CMPT_INICI;2;VARYING   ;6;;0;1.0;;
LFCES045  ;CMPT_FINAL;3;VARYING   ;6;;0;1.0;;
LFCES045  ;QT_LEITOS ;4;LONG      ;4;0.0;0;1.0;;
LFCES045  ;NU_PORTARI;5;VARYING   ;50;;0;;;
LFCES045  ;DT_LANCAME;6;DATE      ;4;;0;1.0;;
LFCES045  ;DATA_ATU  ;7;DATE      ;4;;0;;;
LFCES045  ;USUARIO   ;8;VARYING   ;60;;0;;;
LFCES045_T;UNIDADE_ID;0;VARYING   ;31;;0;1.0;;
LFCES045_T;CO_HABILIT;1;VARYING   ;4;;0;1.0;;
LFCES045_T;CMPT_INICI;2;VARYING   ;6;;0;1.0;;
LFCES045_T;CMPT_FINAL;3;VARYING   ;6;;0;1.0;;
LFCES045_T;QT_LEITOS ;4;LONG      ;4;0.0;0;1.0;;
LFCES046  ;UNIDADE_ID;0;VARYING   ;31;;0;1.0;;
LFCES046  ;CO_REGRA  ;1;VARYING   ;4;;0;1.0;;
LFCES046  ;CMPT_INICI;2;VARYING   ;6;;0;1.0;;
LFCES046  ;CMPT_FINAL;3;VARYING   ;6;;0;1.0;;
LFCES046  ;NU_PORTARI;4;VARYING   ;50;;0;;;
LFCES046  ;DT_LANCAME;5;DATE      ;4;;0;1.0;;
LFCES046  ;DATA_ATU  ;6;DATE      ;4;;0;;;
LFCES046  ;USUARIO   ;7;VARYING   ;60;;0;;;
LFCES047  ;UNIDADE_ID;0;VARYING   ;31;;0;1.0;;
LFCES047  ;SQ_RESIDEN;1;LONG      ;4;0.0;0;1.0;;
LFCES047  ;PROF_ID   ;2;VARYING   ;16;;0;1.0;;
LFCES047  ;COD_CBO   ;3;VARYING   ;6;;0;1.0;;
LFCES047  ;IND_VINC  ;4;VARYING   ;6;;0;1.0;;
LFCES047  ;TP_SUS_NAO;5;TEXT      ;1;;0;1.0;;
LFCES047  ;DATA_ATU  ;6;DATE      ;4;;0;1.0;;
LFCES047  ;USUARIO   ;7;VARYING   ;60;;0;;;
LFCES048  ;COD_MUN   ;0;VARYING   ;6;;0;1.0;;
LFCES048  ;CPF_PROF  ;1;VARYING   ;11;;0;1.0;;
LFCES048  ;COD_CBO   ;2;VARYING   ;6;;0;1.0;;
LFCES048  ;COD_AREA  ;3;VARYING   ;4;;0;1.0;;
LFCES048  ;SEQ_EQUIPE;4;LONG      ;4;0.0;0;1.0;;
LFCES049  ;CNES      ;0;VARYING   ;7;;0;1.0;;
LFCES049  ;PORTARIA  ;1;VARYING   ;60;;0;;;
LFCES049  ;CMPT_INICI;2;VARYING   ;6;;0;1.0;;
LFCES049  ;CMPT_FINAL;3;VARYING   ;6;;0;1.0;;
LFCES049  ;DT_LANCAME;4;DATE      ;4;;0;;;
LFCES049  ;DATA_ATU  ;5;DATE      ;4;;0;1.0;;
LFCES049  ;USUARIO   ;6;VARYING   ;60;;0;;;
LFCES050  ;CNES      ;0;VARYING   ;7;;0;1.0;;
LFCES050  ;PORTARIA  ;1;VARYING   ;60;;0;;;
LFCES050  ;CMPT_INICI;2;VARYING   ;6;;0;1.0;;
LFCES050  ;CMPT_FINAL;3;VARYING   ;6;;0;1.0;;
LFCES050  ;DT_LANCAME;4;DATE      ;4;;0;;;
LFCES050  ;DATA_ATU  ;5;DATE      ;4;;0;1.0;;
LFCES050  ;USUARIO   ;6;VARYING   ;60;;0;;;
LFCES051  ;UNIDADE_ID;0;VARYING   ;31;;0;1.0;;
LFCES051  ;CO_GESTAO ;1;VARYING   ;4;;0;1.0;;
LFCES051  ;CMPT_INICI;2;VARYING   ;6;;0;1.0;;
LFCES051  ;CMPT_FINAL;3;VARYING   ;6;;0;1.0;;
LFCES051  ;NU_PORTARI;4;VARYING   ;50;;0;;;
LFCES051  ;DT_LANCAME;5;DATE      ;4;;0;1.0;;
LFCES051  ;DATA_ATU  ;6;DATE      ;4;;0;;;
LFCES051  ;USUARIO   ;7;VARYING   ;60;;0;;;
LFCES052  ;UNIDADE_ID;0;VARYING   ;31;;0;1.0;;
LFCES052  ;TP_UNID_ID;1;VARYING   ;2;;0;1.0;;
LFCES052  ;CD_SUBTIPO;2;VARYING   ;3;;0;1.0;;
LFCES052  ;DATA_ATU  ;3;DATE      ;4;;0;;;
LFCES052  ;USUARIO   ;4;VARYING   ;60;;0;;;
LFCES053  ;UNIDADE_ID;0;VARYING   ;31;;0;1.0;;
LFCES053  ;CO_INTEGRA;1;VARYING   ;4;;0;1.0;;
LFCES053  ;CMPT_INICI;2;VARYING   ;6;;0;1.0;;
LFCES053  ;CMPT_FINAL;3;VARYING   ;6;;0;1.0;;
LFCES053  ;NU_PORTARI;4;VARYING   ;50;;0;;;
LFCES053  ;DT_LANCAME;5;DATE      ;4;;0;1.0;;
LFCES053  ;NU_LEITOS ;6;LONG      ;4;0.0;0;;;
LFCES053  ;DATA_ATU  ;7;DATE      ;4;;0;;;
LFCES053  ;USUARIO   ;8;VARYING   ;60;;0;;;
LFCES055  ;COMPETENCI;0;VARYING   ;6;;0;1.0;;
LFCES055  ;COD_MUN_GE;1;VARYING   ;7;;0;1.0;;
LFCES055  ;UNIDADE_ID;2;VARYING   ;31;;0;1.0;;
LFCES055  ;DESTINO   ;3;TEXT      ;1;;0;1.0;;
LFCES055  ;CNES      ;4;VARYING   ;7;;0;1.0;;
LFCES055  ;NOME_FANTA;5;VARYING   ;60;;0;1.0;;
LFCES055  ;NM_ARQUIVO;6;VARYING   ;60;;0;;;
LFCES055  ;STATUS    ;7;TEXT      ;1;;0;1.0;;
LFCES055  ;NU_MAC    ;8;VARYING   ;20;;0;1.0;;
LFCES055  ;FL_TRANSMI;9;VARYING   ;1;;0;;;
LFCES055  ;USUARIO   ;10;VARYING   ;60;;0;1.0;;
LFCES055  ;DATA_ATU  ;11;DATE      ;4;;0;1.0;;
LFCES055_T;COMPETENCI;0;VARYING   ;6;;0;1.0;;
LFCES055_T;COD_MUN_GE;1;VARYING   ;7;;0;1.0;;
LFCES055_T;UNIDADE_ID;2;VARYING   ;31;;0;1.0;;
LFCES055_T;DESTINO   ;3;TEXT      ;1;;0;1.0;;
LFCES055_T;CNES      ;4;VARYING   ;7;;0;1.0;;
LFCES055_T;NOME_FANTA;5;VARYING   ;60;;0;1.0;;
LFCES055_T;NM_ARQUIVO;6;VARYING   ;60;;0;;;
LFCES055_T;STATUS    ;7;TEXT      ;1;;0;1.0;;
LFCES055_T;NU_MAC    ;8;VARYING   ;20;;0;1.0;;
LFCES055_T;FL_TRANSMI;9;VARYING   ;1;;0;;;
LFCES055_T;USUARIO   ;10;VARYING   ;60;;0;1.0;;
LFCES055_T;DATA_ATU  ;11;DATE      ;4;;0;1.0;;
LFCES056  ;UNIDADE_ID;0;VARYING   ;31;;0;1.0;;
LFCES056  ;COD_ENDCOM;1;VARYING   ;5;;0;1.0;;
LFCES056  ;IDENTIFICA;2;VARYING   ;60;;0;1.0;;
LFCES056  ;CD_TP_LOGR;3;VARYING   ;3;;0;;;
LFCES056  ;LOGRADOURO;4;VARYING   ;60;;0;1.0;;
LFCES056  ;NUMERO    ;5;VARYING   ;10;;0;;;
LFCES056  ;COMPLEMENT;6;VARYING   ;60;;0;;;
LFCES056  ;BAIRRO    ;7;VARYING   ;60;;0;;;
LFCES056  ;COD_CEP   ;8;VARYING   ;8;;0;1.0;;
LFCES056  ;COD_MUN   ;9;VARYING   ;7;;0;1.0;;
LFCES056  ;DDD_TEL   ;10;VARYING   ;3;;0;;;
LFCES056  ;TELEFONE  ;11;VARYING   ;40;;0;;;
LFCES056  ;DDD_FAX   ;12;VARYING   ;3;;0;;;
LFCES056  ;FAX       ;13;VARYING   ;40;;0;;;
LFCES056  ;E_MAIL    ;14;VARYING   ;60;;0;;;
LFCES056  ;DT_ATIVACA;15;DATE      ;4;;0;1.0;;
LFCES056  ;DT_DESATIV;16;DATE      ;4;;0;;;
LFCES056  ;DATA_ATU  ;17;DATE      ;4;;0;1.0;;
LFCES056  ;USUARIO   ;18;VARYING   ;60;;0;1.0;;
LFCES057  ;CNES      ;0;VARYING   ;7;;0;1.0;;
LFCES057  ;COD_MUN   ;1;VARYING   ;6;;0;1.0;;
LFCES057  ;COMPETENCI;2;VARYING   ;6;;0;1.0;;
LFCES057  ;CD_MOTIVO_;3;VARYING   ;2;;0;;;
LFCES057  ;TP_GESTAO ;4;TEXT      ;1;;0;;;
LFCES057  ;STATUS_EST;5;TEXT      ;1;;0;;;
LFCES057  ;ST_ESTRUTU;6;VARYING   ;1;;0;;;
LFCES058  ;UNIDADE_ID;0;VARYING   ;31;;0;1.0;;
LFCES058  ;COD_BANCO ;1;VARYING   ;3;;0;;;
LFCES058  ;NUM_AGENC ;2;VARYING   ;5;;0;;;
LFCES058  ;CONTA_CC  ;3;VARYING   ;14;;0;;;
LFCES058  ;DATA_ATU  ;4;DATE      ;4;;0;1.0;;
LFCES058  ;USUARIO   ;5;VARYING   ;60;;0;1.0;;
LFCES059  ;COD_MUN   ;0;VARYING   ;6;;0;1.0;;
LFCES059  ;COD_AREA  ;1;VARYING   ;4;;0;1.0;;
LFCES059  ;SEQ_EQUIPE;2;LONG      ;4;0.0;0;1.0;;
LFCES059  ;COD_MUN_ES;3;VARYING   ;6;;0;1.0;;
LFCES059  ;COD_AREA_E;4;VARYING   ;4;;0;1.0;;
LFCES059  ;SEQ_EQUIPE;5;LONG      ;4;0.0;0;1.0;;
LFCES059  ;SEQUENCIAL;6;LONG      ;4;0.0;0;1.0;;
LFCES059  ;UNIDADE_ID;7;VARYING   ;31;;0;1.0;;
LFCES059  ;TP_EQUIPE_;8;VARYING   ;2;;0;1.0;;
LFCES059  ;CNES_ESF  ;9;VARYING   ;7;;0;1.0;;
LFCES059  ;NOME_FANTA;10;VARYING   ;60;;0;;;
LFCES059  ;CD_SEGMENT;11;VARYING   ;2;;0;;;
LFCES059  ;DS_SEGMENT;12;VARYING   ;60;;0;;;
LFCES059  ;DS_AREA_ES;13;VARYING   ;60;;0;;;
LFCES059  ;DATA_ATU  ;14;DATE      ;4;;0;1.0;;
LFCES059  ;USUARIO   ;15;VARYING   ;60;;0;1.0;;
LFCES060  ;COD_MUN   ;0;VARYING   ;6;;0;1.0;;
LFCES060  ;COD_AREA  ;1;VARYING   ;4;;0;;;
LFCES060  ;SEQ_EQUIPE;2;LONG      ;4;0.0;0;1.0;;
LFCES060  ;TP_EQUIPE ;3;VARYING   ;2;;0;1.0;;
LFCES060  ;CNES      ;4;VARYING   ;7;;0;1.0;;
LFCES060  ;NOME_FANTA;5;VARYING   ;60;;0;;;
LFCES060  ;CD_SEGMENT;6;VARYING   ;2;;0;;;
LFCES060  ;DS_SEGMENT;7;VARYING   ;60;;0;;;
LFCES060  ;DS_AREA   ;8;VARYING   ;60;;0;;;
LFCES060  ;INE       ;9;VARYING   ;10;;0;;;
LFCES061  ;COD_MUN   ;0;VARYING   ;6;;0;1.0;;
LFCES061  ;CNES      ;1;VARYING   ;7;;0;1.0;;
LFCES061  ;CODSERVICO;2;VARYING   ;3;;0;1.0;;
LFCES061  ;COD_CLASS ;3;VARYING   ;3;;0;1.0;;
LFCES061  ;CNPJ_CPF  ;4;VARYING   ;14;;0;;;
LFCES061  ;RAZAO_SOCI;5;VARYING   ;60;;0;;;
LFCES061  ;COD_BANCO ;6;VARYING   ;3;;0;;;
LFCES061  ;NUM_AGENCI;7;VARYING   ;5;;0;;;
LFCES061  ;CONTA_CORR;8;VARYING   ;14;;0;;;
LFCES061  ;NOME_FANTA;9;VARYING   ;60;;0;;;
LFCES061  ;D_AMBSUS  ;10;TEXT      ;1;;0;1.0;;
LFCES061  ;D_HOSPSUS ;11;TEXT      ;1;;0;1.0;;
LFCES062  ;COD_MUN   ;0;VARYING   ;6;;0;1.0;;
LFCES062  ;CNES      ;1;VARYING   ;7;;0;1.0;;
LFCES062  ;COD_CBO   ;2;VARYING   ;6;;0;1.0;;
LFCES062  ;NOME_FANTA;3;VARYING   ;60;;0;;;
LFCES063  ;COD_MUN_SE;0;VARYING   ;6;;0;1.0;;
LFCES063  ;COD_MUN_CO;1;VARYING   ;6;;0;1.0;;
LFCES063  ;CMPT_INICI;2;VARYING   ;6;;0;1.0;;
LFCES063  ;NU_PORTARI;3;VARYING   ;60;;0;;;
LFCES064  ;IBGE_MUNIC;0;VARYING   ;6;;0;;;
LFCES064  ;CODIGO_DSE;1;LONG      ;4;0.0;0;1.0;;
LFCES064  ;DSEI      ;2;VARYING   ;100;;0;1.0;;
LFCES064  ;IBGE_MUNIC;3;VARYING   ;6;;0;1.0;;
LFCES064  ;CODIGO_POL;4;LONG      ;4;0.0;0;1.0;;
LFCES064  ;POLO_BASE ;5;VARYING   ;100;;0;1.0;;
LFCES064  ;IBGE_MUNIC;6;VARYING   ;6;;0;1.0;;
LFCES064  ;CD_ALDEIA ;7;LONG      ;4;0.0;0;1.0;;
LFCES064  ;ALDEIA    ;8;VARYING   ;100;;0;1.0;;
LFCES065  ;UNIDADE_ID;0;VARYING   ;31;;0;1.0;;
LFCES065  ;CO_DSEI   ;1;VARYING   ;4;;0;;;
LFCES065  ;CD_POLOBAS;2;VARYING   ;6;;0;;;
LFCES065  ;CD_ALDEIA ;3;VARYING   ;60;;0;;;
LFCES065  ;DATA_ATU  ;4;DATE      ;4;;0;1.0;;
LFCES065  ;USUARIO   ;5;VARYING   ;60;;0;1.0;;
LFCES066  ;UNIDADE_ID;0;VARYING   ;31;;0;1.0;;
LFCES066  ;SEQ_CONTRA;1;LONG      ;4;0.0;0;1.0;;
LFCES066  ;NM_REFEREN;2;VARYING   ;60;;0;1.0;;
LFCES066  ;TIPO      ;3;TEXT      ;1;;0;1.0;;
LFCES066  ;GESTAO    ;4;TEXT      ;1;;0;1.0;;
LFCES066  ;NU_DOC_POR;5;VARYING   ;60;;0;;;
LFCES066  ;VIGENCIA_I;6;DATE      ;4;;0;;;
LFCES066  ;VIGENCIA_F;7;DATE      ;4;;0;;;
LFCES066  ;DATA_ATU  ;8;DATE      ;4;;0;1.0;;
LFCES066  ;USUARIO   ;9;VARYING   ;60;;0;1.0;;
LFCES069  ;UNIDADE_ID;0;VARYING   ;31;;0;1.0;;
LFCES069  ;FL_CONEXAO;1;TEXT      ;1;;0;;;
LFCES069  ;TP_CONEXAO;2;TEXT      ;1;;0;;;
LFCES069  ;FL_TELEFON;3;TEXT      ;1;;0;;;
LFCES069  ;FL_TELEFON;4;TEXT      ;1;;0;;;
LFCES069  ;DATA_ATU  ;5;DATE      ;4;;0;1.0;;
LFCES069  ;USUARIO   ;6;VARYING   ;60;;0;1.0;;
LFCES070  ;UNIDADE_ID;0;VARYING   ;31;;0;1.0;;
LFCES070  ;CO_HABILIT;1;VARYING   ;4;;0;1.0;;
LFCES070  ;CMPT_INICI;2;VARYING   ;6;;0;1.0;;
LFCES070  ;CMPT_FINAL;3;VARYING   ;6;;0;1.0;;
LFCES070  ;QT_LEITOS ;4;LONG      ;4;0.0;0;1.0;;
LFCES070  ;NU_PORTARI;5;VARYING   ;50;;0;;;
LFCES070  ;DT_LANCAME;6;DATE      ;4;;0;1.0;;
LFCES070  ;DATA_ATU  ;7;DATE      ;4;;0;;;
LFCES070  ;USUARIO   ;8;VARYING   ;60;;0;;;
LFCES072  ;UNIDADE_ID;0;VARYING   ;31;;0;1.0;;
LFCES072  ;CO_ADESAO ;1;VARYING   ;4;;0;1.0;;
LFCES072  ;CMPT_INICI;2;VARYING   ;6;;0;1.0;;
LFCES072  ;CMPT_FINAL;3;VARYING   ;6;;0;1.0;;
LFCES072  ;NU_PORTARI;4;VARYING   ;50;;0;;;
LFCES072  ;DT_LANCAME;5;DATE      ;4;;0;1.0;;
LFCES072  ;DATA_ATU  ;6;DATE      ;4;;0;;;
LFCES072  ;USUARIO   ;7;VARYING   ;60;;0;;;
LFCES073  ;UNIDADE_ID;0;VARYING   ;31;;0;1.0;;
LFCES073  ;CO_CPF    ;1;VARYING   ;11;;0;1.0;;
LFCES073  ;NO_REPRESE;2;VARYING   ;60;;0;1.0;;
LFCES073  ;DS_CARGO  ;3;VARYING   ;60;;0;;;
LFCES073  ;DS_E_MAIL ;4;VARYING   ;60;;0;;;
LFCES073  ;DATA_ATU  ;5;DATE      ;4;;0;;;
LFCES073  ;USUARIO   ;6;VARYING   ;60;;0;;;
LFCES074  ;PROF_ID   ;0;VARYING   ;16;;0;1.0;;
LFCES074  ;UNIDADE_ID;1;VARYING   ;31;;0;1.0;;
LFCES074  ;FL_ARTIGO_;2;TEXT      ;1;;0;1.0;;
LFCES074  ;DS_JUSTIFI;3;VARYING   ;256;;0;1.0;;
LFCES074  ;CO_MUN_GES;4;VARYING   ;6;;0;1.0;;
LFCES074  ;IND_GESTOR;5;TEXT      ;1;;0;1.0;;
LFCES074  ;DATA_ATU  ;6;DATE      ;4;;0;1.0;;
LFCES074  ;USUARIO   ;7;VARYING   ;60;;0;1.0;;
LFCES075  ;PROF_ID   ;0;VARYING   ;16;;0;1.0;;
LFCES075  ;UNIDADE_ID;1;VARYING   ;31;;0;1.0;;
LFCES075  ;FL_ARTIGO_;2;TEXT      ;1;;0;1.0;;
LFCES075  ;SQ_JUSTIFI;3;LONG      ;4;0.0;0;1.0;;
LFCES075  ;DS_JUSTIFI;4;VARYING   ;256;;0;1.0;;
LFCES075  ;CO_MUN_GES;5;VARYING   ;6;;0;1.0;;
LFCES075  ;IND_GESTOR;6;TEXT      ;1;;0;1.0;;
LFCES075  ;DATA_ATU  ;7;DATE      ;4;;0;1.0;;
LFCES075  ;USUARIO   ;8;VARYING   ;60;;0;1.0;;
LFCES076  ;COD_MUN   ;0;VARYING   ;6;;0;1.0;;
LFCES076  ;COD_AREA  ;1;VARYING   ;4;;0;1.0;;
LFCES076  ;SEQ_EQUIPE;2;LONG      ;4;0.0;0;1.0;;
LFCES076  ;COD_MUN_AT;3;VARYING   ;6;;0;1.0;;
LFCES076  ;DATA_ATU  ;4;DATE      ;4;;0;1.0;;
LFCES076  ;USUARIO   ;5;VARYING   ;60;;0;1.0;;
LFCES077  ;COD_MUN   ;0;VARYING   ;6;;0;1.0;;
LFCES077  ;COD_AREA  ;1;VARYING   ;4;;0;1.0;;
LFCES077  ;SEQ_EQUIPE;2;LONG      ;4;0.0;0;1.0;;
LFCES077  ;CNES      ;3;VARYING   ;7;;0;1.0;;
LFCES077  ;UNIDADE_ID;4;VARYING   ;31;;0;1.0;;
LFCES077  ;DATA_ATU  ;5;DATE      ;4;;0;1.0;;
LFCES077  ;USUARIO   ;6;VARYING   ;60;;0;1.0;;
LFCES078  ;UNIDADE_ID;0;VARYING   ;31;;0;1.0;;
LFCES078  ;CNES      ;1;VARYING   ;7;;0;1.0;;
LFCES078  ;NOME_FANTA;2;VARYING   ;60;;0;1.0;;
LFCES078  ;COD_MUN   ;3;VARYING   ;7;;0;1.0;;
LFCES078  ;DATA_ATU  ;4;DATE      ;4;;0;1.0;;
LFCES078  ;USUARIO   ;5;VARYING   ;60;;0;1.0;;
LFCES079  ;UNIDADE_ID;0;VARYING   ;31;;0;1.0;;
LFCES079  ;COD_ORGPAR;1;VARYING   ;5;;0;1.0;;
LFCES079  ;NOME      ;2;VARYING   ;60;;0;1.0;;
LFCES079  ;CNPJ      ;3;VARYING   ;14;;0;;;
LFCES079  ;CNES      ;4;VARYING   ;7;;0;;;
LFCES079  ;CD_TP_LOGR;5;VARYING   ;3;;0;;;
LFCES079  ;LOGRADOURO;6;VARYING   ;60;;0;1.0;;
LFCES079  ;NUMERO    ;7;VARYING   ;10;;0;;;
LFCES079  ;COMPLEMENT;8;VARYING   ;60;;0;;;
LFCES079  ;BAIRRO    ;9;VARYING   ;60;;0;;;
LFCES079  ;COD_CEP   ;10;VARYING   ;8;;0;1.0;;
LFCES079  ;COD_MUN   ;11;VARYING   ;7;;0;1.0;;
LFCES079  ;DDD_TEL   ;12;VARYING   ;3;;0;;;
LFCES079  ;TELEFONE  ;13;VARYING   ;40;;0;;;
LFCES079  ;DDD_FAX   ;14;VARYING   ;3;;0;;;
LFCES079  ;FAX       ;15;VARYING   ;40;;0;;;
LFCES079  ;NO_URL    ;16;VARYING   ;60;;0;;;
LFCES079  ;E_MAIL    ;17;VARYING   ;60;;0;;;
LFCES079  ;DATA_ATU  ;18;DATE      ;4;;0;1.0;;
LFCES079  ;USUARIO   ;19;VARYING   ;60;;0;1.0;;
LFCES080  ;UNIDADE_ID;0;VARYING   ;31;;0;1.0;;
LFCES080  ;SEQ_BASE  ;1;VARYING   ;5;;0;1.0;;
LFCES080  ;DS_BASE   ;2;VARYING   ;60;;0;1.0;;
LFCES080  ;CD_SUBTIPO;3;VARYING   ;3;;0;1.0;;
LFCES080  ;CD_TP_LOGR;4;VARYING   ;3;;0;;;
LFCES080  ;LOGRADOURO;5;VARYING   ;60;;0;1.0;;
LFCES080  ;NUMERO    ;6;VARYING   ;10;;0;;;
LFCES080  ;COMPLEMENT;7;VARYING   ;60;;0;;;
LFCES080  ;BAIRRO    ;8;VARYING   ;60;;0;;;
LFCES080  ;COD_CEP   ;9;VARYING   ;8;;0;1.0;;
LFCES080  ;COD_MUN   ;10;VARYING   ;7;;0;1.0;;
LFCES080  ;DDD_TEL   ;11;VARYING   ;3;;0;;;
LFCES080  ;TELEFONE  ;12;VARYING   ;40;;0;;;
LFCES080  ;DDD_FAX   ;13;VARYING   ;3;;0;;;
LFCES080  ;FAX       ;14;VARYING   ;40;;0;;;
LFCES080  ;NO_URL    ;15;VARYING   ;60;;0;;;
LFCES080  ;E_MAIL    ;16;VARYING   ;60;;0;;;
LFCES080  ;DATA_ATIV ;17;DATE      ;4;;0;1.0;;
LFCES080  ;DATA_DESAT;18;DATE      ;4;;0;;;
LFCES080  ;DATA_ATU  ;19;DATE      ;4;;0;1.0;;
LFCES080  ;USUARIO   ;20;VARYING   ;60;;0;1.0;;
LFCES081  ;UNIDADE_ID;0;VARYING   ;31;;0;1.0;;
LFCES081  ;UNIDADE_ID;1;VARYING   ;31;;0;1.0;;
LFCES081  ;SEQ_BASE_C;2;VARYING   ;5;;0;1.0;;
LFCES081  ;CO_PLACA  ;3;VARYING   ;7;;0;;;
LFCES081  ;NU_CHASSI ;4;VARYING   ;30;;0;;;
LFCES081  ;CO_PREFIXO;5;VARYING   ;10;;0;;;
LFCES081  ;NU_EMBARCA;6;VARYING   ;10;;0;;;
LFCES081  ;DATA_ATIV ;7;DATE      ;4;;0;1.0;;
LFCES081  ;DATA_DESAT;8;DATE      ;4;;0;;;
LFCES081  ;CO_DESATIV;9;VARYING   ;3;;0;;;
LFCES081  ;DATA_ATU  ;10;DATE      ;4;;0;1.0;;
LFCES081  ;USUARIO   ;11;VARYING   ;60;;0;1.0;;
LFCES082  ;UNIDADE_ID;0;VARYING   ;31;;0;1.0;;
LFCES082  ;SQ_ACOLHIM;1;LONG      ;4;0.0;0;1.0;;
LFCES082  ;NO_ACOLHIM;2;VARYING   ;60;;0;1.0;;
LFCES082  ;NU_ACOLHIM;3;VARYING   ;10;;0;1.0;;
LFCES082  ;TP_ACOLHIM;4;TEXT      ;1;;0;;;
LFCES082  ;NO_LOGRADO;5;VARYING   ;60;;0;;;
LFCES082  ;DS_COMPLEM;6;VARYING   ;60;;0;;;
LFCES082  ;NU_LOGRADO;7;VARYING   ;10;;0;;;
LFCES082  ;NO_BAIRRO ;8;VARYING   ;60;;0;;;
LFCES082  ;CO_MUNICIP;9;VARYING   ;6;;0;;;
LFCES082  ;CO_CEP    ;10;VARYING   ;8;;0;;;
LFCES082  ;CO_DDD    ;11;VARYING   ;3;;0;;;
LFCES082  ;NU_TELEFON;12;VARYING   ;40;;0;;;
LFCES082  ;TP_ESTRUTU;13;TEXT      ;1;;0;;;
LFCES082  ;ST_PARCERI;14;TEXT      ;1;;0;;;
LFCES082  ;NU_CNPJ_ON;15;VARYING   ;14;;0;;;
LFCES082  ;NU_VAGAS  ;16;LONG      ;4;0.0;0;;;
LFCES082  ;DT_ATIVACA;17;DATE      ;4;;0;;;
LFCES082  ;DT_DESATIV;18;DATE      ;4;;0;;;
LFCES082  ;CO_PROFISS;19;VARYING   ;16;;0;1.0;;
LFCES082  ;CO_CBO    ;20;VARYING   ;6;;0;1.0;;
LFCES082  ;TP_SUS_NAO;21;TEXT      ;1;;0;1.0;;
LFCES082  ;IND_VINCUL;22;VARYING   ;6;;0;1.0;;
LFCES082  ;CO_CNES_RE;23;VARYING   ;7;;0;;;
LFCES082  ;ST_UNIDADE;24;TEXT      ;1;;0;;;
LFCES082  ;DATA_ATU  ;25;DATE      ;4;;0;1.0;;
LFCES082  ;USUARIO   ;26;VARYING   ;60;;0;1.0;;
LFCES083  ;UNIDADE_ID;0;VARYING   ;31;;0;1.0;;
LFCES083  ;SQ_ACOLHIM;1;LONG      ;4;0.0;0;1.0;;
LFCES083  ;CO_MUNICIP;2;VARYING   ;6;;0;1.0;;
LFCES083  ;DATA_ATU  ;3;DATE      ;4;;0;1.0;;
LFCES083  ;USUARIO   ;4;VARYING   ;60;;0;1.0;;
LFCES084  ;UNIDADE_ID;0;VARYING   ;31;;0;1.0;;
LFCES084  ;TP_ESTRUTU;1;TEXT      ;1;;0;;;
LFCES084  ;ST_PARCERI;2;TEXT      ;1;;0;;;
LFCES084  ;NU_CNPJ_ON;3;VARYING   ;14;;0;;;
LFCES084  ;NU_VAGAS_A;4;LONG      ;4;0.0;0;;;
LFCES084  ;CO_PROFISS;5;VARYING   ;16;;0;1.0;;
LFCES084  ;CO_CBO    ;6;VARYING   ;6;;0;1.0;;
LFCES084  ;TP_SUS_NAO;7;TEXT      ;1;;0;1.0;;
LFCES084  ;IND_VINCUL;8;VARYING   ;6;;0;1.0;;
LFCES084  ;CO_CNES_RE;9;VARYING   ;7;;0;;;
LFCES084  ;ST_UNIDADE;10;TEXT      ;1;;0;;;
LFCES084  ;DATA_ATU  ;11;DATE      ;4;;0;1.0;;
LFCES084  ;USUARIO   ;12;VARYING   ;60;;0;1.0;;
LFCES085  ;UNIDADE_ID;0;VARYING   ;31;;0;1.0;;
LFCES085  ;CO_MUNICIP;1;VARYING   ;6;;0;1.0;;
LFCES085  ;DATA_ATU  ;2;DATE      ;4;;0;1.0;;
LFCES085  ;USUARIO   ;3;VARYING   ;60;;0;1.0;;
LFCES086  ;UNIDADE_ID;0;VARYING   ;31;;0;1.0;;
LFCES086  ;TP_MODULO ;1;TEXT      ;1;;0;;;
LFCES086  ;NU_VAGAS_E;2;LONG      ;4;0.0;0;;;
LFCES086  ;NU_VAGAS_S;3;LONG      ;4;0.0;0;;;
LFCES086  ;DT_ATIVACA;4;DATE      ;4;;0;;;
LFCES086  ;DT_DESATIV;5;DATE      ;4;;0;;;
LFCES086  ;CO_PROFISS;6;VARYING   ;16;;0;1.0;;
LFCES086  ;CO_CBO    ;7;VARYING   ;6;;0;1.0;;
LFCES086  ;TP_SUS_NAO;8;TEXT      ;1;;0;1.0;;
LFCES086  ;IND_VINCUL;9;VARYING   ;6;;0;1.0;;
LFCES086  ;CO_CNES_CA;10;VARYING   ;7;;0;;;
LFCES086  ;CO_PROF_SU;11;VARYING   ;16;;0;;;
LFCES086  ;CO_CBO_CAP;12;VARYING   ;6;;0;;;
LFCES086  ;TP_SUS_NAO;13;TEXT      ;1;;0;;;
LFCES086  ;IND_VINCUL;14;VARYING   ;6;;0;;;
LFCES086  ;CO_CNES_UN;15;VARYING   ;7;;0;;;
LFCES086  ;CO_CNES_HO;16;VARYING   ;7;;0;;;
LFCES086  ;ST_UNIDADE;17;TEXT      ;1;;0;;;
LFCES086  ;DATA_ATU  ;18;DATE      ;4;;0;;;
LFCES086  ;USUARIO   ;19;VARYING   ;60;;0;;;
LFCES087  ;UNIDADE_ID;0;VARYING   ;31;;0;1.0;;
LFCES087  ;CO_MUNICIP;1;VARYING   ;6;;0;1.0;;
LFCES087  ;DATA_ATU  ;2;DATE      ;4;;0;;;
LFCES087  ;USUARIO   ;3;VARYING   ;60;;0;;;
LFCES088  ;DT_HR_IMPO;0;TIMESTAMP ;8;;0;1.0;;
LFCES088  ;NU_MAC    ;1;VARYING   ;20;;0;;;
LFCES088  ;NU_VERSAO ;2;VARYING   ;10;;0;;;
LFCES088  ;COMPETENCI;3;VARYING   ;6;;0;;;
LFCES088  ;USUARIO_IM;4;VARYING   ;60;;0;;;
LFCES089  ;DT_HR_IMPO;0;TIMESTAMP ;8;;0;1.0;;
LFCES089  ;PROF_ID   ;1;VARYING   ;16;;0;1.0;;
LFCES089  ;CPF_PROF  ;2;VARYING   ;11;;0;1.0;;
LFCES089  ;NOME_PROF ;3;VARYING   ;60;;0;1.0;;
LFCES089  ;COD_CNS   ;4;VARYING   ;60;;0;;;
LFCES089  ;DATA_ATU  ;5;DATE      ;4;;0;1.0;;
LFCES089  ;USUARIO   ;6;VARYING   ;60;;0;1.0;;
LFCES090  ;DT_HR_IMPO;0;TIMESTAMP ;8;;0;1.0;;
LFCES090  ;UNIDADE_ID;1;VARYING   ;31;;0;1.0;;
LFCES090  ;PROF_ID   ;2;VARYING   ;16;;0;1.0;;
LFCES090  ;COD_CBO   ;3;VARYING   ;6;;0;1.0;;
LFCES090  ;TP_SUS_NAO;4;TEXT      ;1;;0;1.0;;
LFCES090  ;IND_VINC  ;5;VARYING   ;6;;0;1.0;;
LFCES090  ;NU_CNPJ_DE;6;VARYING   ;14;;0;;;
LFCES090  ;D_TERCSIH ;7;TEXT      ;1;;0;;;
LFCES090  ;CGHORAOUTR;8;LONG      ;4;0.0;0;;;
LFCES090  ;CG_HORAAMB;9;LONG      ;4;0.0;0;;;
LFCES090  ;CGHORAHOSP;10;LONG      ;4;0.0;0;;;
LFCES090  ;CONSELHOID;11;VARYING   ;2;;0;;;
LFCES090  ;N_REGISTRO;12;VARYING   ;60;;0;;;
LFCES090  ;SG_UF_CRM ;13;VARYING   ;2;;0;;;
LFCES090  ;TP_PRECEPT;14;TEXT      ;1;;0;1.0;;
LFCES090  ;TP_RESIDEN;15;TEXT      ;1;;0;1.0;;
LFCES090  ;DT_EXCLUSA;16;DATE      ;4;;0;;;
LFCES090  ;DATA_ATU  ;17;DATE      ;4;;0;1.0;;
LFCES090  ;USUARIO   ;18;VARYING   ;60;;0;1.0;;
LFCES091  ;UNIDADE_ID;0;VARYING   ;31;;0;1.0;;
LFCES091  ;CO_AVALIAC;1;VARYING   ;2;;0;1.0;;
LFCES091  ;CO_CLASSIF;2;VARYING   ;2;;0;;;
LFCES091  ;DT_AVALIAC;3;DATE      ;4;;0;1.0;;
LFCES091  ;DT_AVALIAC;4;DATE      ;4;;0;;;
LFCES091  ;CO_INST_AV;5;VARYING   ;2;;0;;;
LFCES091  ;DATA_ATU  ;6;DATE      ;4;;0;1.0;;
LFCES091  ;USUARIO   ;7;VARYING   ;60;;0;1.0;;
LFCES092  ;NU_CNPJ_AD;0;VARYING   ;14;;0;1.0;;
LFCES092  ;UNIDADE_ID;1;VARYING   ;31;;0;1.0;;
LFCES092  ;DT_VIGENCI;2;DATE      ;4;;0;1.0;;
LFCES092  ;DT_VIGENCI;3;DATE      ;4;;0;;;
LFCES092  ;DATA_ATU  ;4;DATE      ;4;;0;1.0;;
LFCES092  ;USUARIO   ;5;VARYING   ;60;;0;1.0;;
LFCES093  ;DT_HR_IMPO;0;TIMESTAMP ;8;;0;1.0;;
LFCES093  ;TP_IMPORTA;1;TEXT      ;1;;0;;;
LFCES093  ;INDGESTOR ;2;TEXT      ;1;;0;;;
LFCES093  ;COD_MUN_GE;3;VARYING   ;7;;0;;;
LFCES093  ;NU_MAC    ;4;VARYING   ;20;;0;;;
LFCES093  ;NU_VERSAO ;5;VARYING   ;10;;0;;;
LFCES093  ;COMPETENCI;6;VARYING   ;6;;0;;;
LFCES093  ;USUARIO   ;7;VARYING   ;60;;0;;;
LFCES094  ;DT_HR_IMPO;0;TIMESTAMP ;8;;0;1.0;;
LFCES094  ;SEQUENCIA ;1;LONG      ;4;0.0;0;;;
LFCES094  ;NM_ARQUIVO;2;VARYING   ;60;;0;1.0;;
LFCES094  ;GESTOR_ORI;3;TEXT      ;1;;0;;;
LFCES094  ;QTDE_ESTAB;4;LONG      ;4;0.0;0;;;
LFCES094  ;QTDE_PROF ;5;LONG      ;4;0.0;0;;;
LFCES094  ;QTDE_VINC_;6;LONG      ;4;0.0;0;;;
LFCES094  ;QTDE_EQUIP;7;LONG      ;4;0.0;0;;;
LFCES095  ;COD_MUN   ;0;VARYING   ;6;;0;1.0;;
LFCES095  ;COD_AREA  ;1;VARYING   ;4;;0;1.0;;
LFCES095  ;SEQ_EQUIPE;2;LONG      ;4;0.0;0;1.0;;
LFCES095  ;COD_ENDCOM;3;VARYING   ;5;;0;1.0;;
LFCES095  ;UNIDADE_ID;4;VARYING   ;31;;0;1.0;;
LFCES095  ;DATA_ATU  ;5;DATE      ;4;;0;1.0;;
LFCES095  ;USUARIO   ;6;VARYING   ;60;;0;;;
LFCES096  ;COD_MUN   ;0;VARYING   ;6;;0;1.0;;
LFCES096  ;COD_AREA  ;1;VARYING   ;4;;0;1.0;;
LFCES096  ;SEQ_EQUIPE;2;LONG      ;4;0.0;0;1.0;;
LFCES096  ;NU_EMBARCA;3;VARYING   ;3;;0;1.0;;
LFCES096  ;NO_EMBARCA;4;VARYING   ;60;;0;;;
LFCES096  ;DS_COMUN_A;5;VARYING   ;60;;0;;;
LFCES096  ;DATA_ATU  ;6;DATE      ;4;;0;1.0;;
LFCES096  ;USUARIO   ;7;VARYING   ;60;;0;;;
LFCES096  ;TP_VEICULO;8;VARYING   ;1;;0;;;
LFCES096  ;NO_REGISTR;9;VARYING   ;10;;0;;;
LFCES097  ;UNIDADE_ID;0;VARYING   ;31;;0;1.0;;
LFCES097  ;PROF_ID   ;1;VARYING   ;16;;0;1.0;;
LFCES097  ;COD_CBO   ;2;VARYING   ;6;;0;1.0;;
LFCES097  ;TP_SUS_NAO;3;TEXT      ;1;;0;1.0;;
LFCES097  ;IND_VINC  ;4;VARYING   ;6;;0;1.0;;
LFCES097  ;NU_SEQ_SOL;5;LONG      ;4;0.0;0;1.0;;
LFCES097  ;DT_JUSTIFI;6;DATE      ;4;;0;1.0;;
LFCES097  ;DS_JUSTIFI;7;VARYING   ;256;;0;1.0;;
LFCES097  ;DATA_ATU  ;8;DATE      ;4;;0;1.0;;
LFCES097  ;USUARIO   ;9;VARYING   ;60;;0;1.0;;
LFCES098  ;UNIDADE_ID;0;VARYING   ;31;;0;1.0;;
LFCES098  ;CO_DIA_SEM;1;LONG      ;4;0.0;0;1.0;;
LFCES098  ;HR_INICIO_;2;VARYING   ;5;;0;1.0;;
LFCES098  ;HR_FIM_ATE;3;VARYING   ;5;;0;1.0;;
LFCES098  ;DATA_ATU  ;4;DATE      ;4;;0;1.0;;
LFCES098  ;USUARIO   ;5;VARYING   ;60;;0;1.0;;
LFCES099  ;NU_CNPJ_AD;0;VARYING   ;14;;0;1.0;;
LFCES099  ;CO_BANCO  ;1;VARYING   ;3;;0;1.0;;
LFCES099  ;NU_AGENCIA;2;VARYING   ;5;;0;1.0;;
LFCES099  ;NU_CONTA_C;3;VARYING   ;14;;0;1.0;;
LFCES099  ;DATA_ATU  ;4;DATE      ;4;;0;1.0;;
LFCES099  ;USUARIO   ;5;VARYING   ;60;;0;1.0;;
LFCES100  ;UNIDADE_ID;0;VARYING   ;31;;0;1.0;;
LFCES100  ;FL_INCLUSA;1;VARYING   ;1;;0;;;
LFCES100  ;DATA_ATU  ;2;DATE      ;4;;0;1.0;;
LFCES100  ;USUARIO   ;3;VARYING   ;60;;0;1.0;;
LFCES101  ;UNIDADE_ID;0;VARYING   ;31;;0;1.0;;
LFCES101  ;COD_COMIS ;1;VARYING   ;2;;0;1.0;;
LFCES101  ;CO_PROFISS;2;VARYING   ;16;;0;1.0;;
LFCES101  ;CO_CBO    ;3;VARYING   ;6;;0;1.0;;
LFCES101  ;TP_SUS_NAO;4;TEXT      ;1;;0;1.0;;
LFCES101  ;IND_VINCUL;5;VARYING   ;6;;0;1.0;;
LFCES101  ;ST_RESP_TE;6;VARYING   ;1;;0;1.0;;
LFCES101  ;DATA_ATU  ;7;DATE      ;4;;0;1.0;;
LFCES101  ;USUARIO   ;8;VARYING   ;60;;0;1.0;;
LFCES102  ;UNIDADE_ID;0;VARYING   ;31;;0;1.0;;
LFCES102  ;CO_ATIVIDA;1;VARYING   ;3;;0;1.0;;
LFCES102  ;USUARIO   ;2;VARYING   ;60;;0;1.0;;
LFCES102  ;DATA_ATU  ;3;DATE      ;4;;0;1.0;;
LFCES103  ;COD_MUN   ;0;VARYING   ;6;;0;1.0;;
LFCES103  ;COD_AREA  ;1;VARYING   ;4;;0;1.0;;
LFCES103  ;SEQ_EQUIPE;2;LONG      ;4;0.0;0;1.0;;
LFCES103  ;CO_ALDEIA ;3;LONG      ;4;0.0;0;1.0;;
LFCES103  ;UNIDADE_ID;4;VARYING   ;31;;0;1.0;;
LFCES103  ;DATA_ATU  ;5;DATE      ;4;;0;1.0;;
LFCES103  ;USUARIO   ;6;VARYING   ;60;;0;1.0;;
LFCES104  ;UNIDADE_ID;0;VARYING   ;31;;0;1.0;;
LFCES104  ;CO_HABILIT;1;VARYING   ;4;;0;1.0;;
LFCES104  ;TP_HABILIT;2;VARYING   ;4;;0;1.0;;
LFCES104  ;CMPT_INICI;3;VARYING   ;6;;0;1.0;;
LFCES104  ;CMPT_FINAL;4;VARYING   ;6;;0;1.0;;
LFCES104  ;QT_LEITOS ;5;LONG      ;4;0.0;0;1.0;;
LFCES104  ;NU_PORTARI;6;VARYING   ;50;;0;;;
LFCES104  ;DT_LANCAME;7;DATE      ;4;;0;1.0;;
LFCES104  ;DATA_ATU  ;8;DATE      ;4;;0;;;
LFCES104  ;USUARIO   ;9;VARYING   ;60;;0;;;
LOGCONSIST;VERSAO    ;0;VARYING   ;60;;0;1.0;;
LOGCONSIST;DATA      ;1;DATE      ;4;;0;1.0;;
MENSAGEM  ;COD_MENS  ;0;VARYING   ;5;;0;1.0;;
MENSAGEM  ;MENSAGEM  ;1;VARYING   ;60;;0;;;
MENSAGEM  ;DESCRICAO ;2;VARYING   ;256;;0;;;
NFCES001  ;COD_LEITO ;0;VARYING   ;2;;0;1.0;;
NFCES001  ;DESC_LEITO;1;VARYING   ;60;;0;1.0;;
NFCES001  ;IND_LEITO ;2;TEXT      ;1;;0;1.0;;
NFCES002  ;COD_CLIENT;0;VARYING   ;2;;0;1.0;;
NFCES002  ;DESCRICAO ;1;VARYING   ;60;;0;1.0;;
NFCES003  ;COD_CONVEN;0;VARYING   ;2;;0;1.0;;
NFCES003  ;DESCRICAO ;1;VARYING   ;60;;0;1.0;;
NFCES004  ;CODATPREST;0;VARYING   ;2;;0;1.0;;
NFCES004  ;DESCRICAO ;1;VARYING   ;60;;0;1.0;;
NFCES005  ;COD_MUN   ;0;VARYING   ;6;;0;1.0;;
NFCES005  ;NOME_MUN  ;1;VARYING   ;60;;0;1.0;;
NFCES005  ;UF        ;2;VARYING   ;2;;0;1.0;;
NFCES005  ;TP_CADASTR;3;TEXT      ;1;;0;;;
NFCES005  ;TP_PACTO  ;4;TEXT      ;1;;0;;;
NFCES005  ;TP_ENVIA  ;5;TEXT      ;1;;0;;;
NFCES005  ;TP_ENVIA_C;6;TEXT      ;1;;0;;;
NFCES005  ;TP_CIB_SAS;7;TEXT      ;1;;0;;;
NFCES005  ;TP_PLENO_O;8;TEXT      ;1;;0;1.0;;
NFCES005  ;CMPT_INI_P;9;VARYING   ;6;;0;;;
NFCES005  ;CMPT_FIM_P;10;VARYING   ;6;;0;;;
NFCES005  ;CMPT_INI_C;11;VARYING   ;6;;0;;;
NFCES005  ;CMPT_FIM_C;12;VARYING   ;6;;0;;;
NFCES005  ;TP_MAC    ;13;TEXT      ;1;;0;;;
NFCES005  ;POPULACAO ;14;INT64     ;8;10.0;-2;;;
NFCES005  ;DENSIDADE_;15;INT64     ;8;10.0;-2;;;
NFCES005  ;CMPT_INI_M;16;VARYING   ;6;;0;;;
NFCES005  ;CMPT_ULT_B;17;VARYING   ;6;;0;;;
NFCES005  ;NU_LATITUD;18;VARYING   ;10;;0;;;
NFCES005  ;NU_LONGITU;19;VARYING   ;10;;0;;;
NFCES007  ;COD_ATIVID;0;VARYING   ;2;;0;1.0;;
NFCES007  ;DESCRICAO ;1;VARYING   ;60;;0;1.0;;
NFCES010  ;TP_UNID_ID;0;VARYING   ;2;;0;1.0;;
NFCES010  ;DESCRICAO ;1;VARYING   ;60;;0;1.0;;
NFCES011  ;COD_TURNAT;0;VARYING   ;2;;0;1.0;;
NFCES011  ;DESCRICAO ;1;VARYING   ;100;;0;1.0;;
NFCES012  ;COD_PROG  ;0;VARYING   ;2;;0;1.0;;
NFCES012  ;DESCRICAO ;1;VARYING   ;60;;0;1.0;;
NFCES012  ;TP_PROG   ;2;TEXT      ;1;;0;1.0;;
NFCES013  ;UF        ;0;VARYING   ;2;;0;1.0;;
NFCES013  ;SIGLA     ;1;VARYING   ;2;;0;1.0;;
NFCES013  ;DESCRICAO ;2;VARYING   ;60;;0;1.0;;
NFCES014  ;CODREJEITO;0;VARYING   ;2;;0;1.0;;
NFCES014  ;DESCRICAO ;1;VARYING   ;60;;0;1.0;;
NFCES015  ;CODSERVICO;0;VARYING   ;2;;0;1.0;;
NFCES015  ;DESCRICAO ;1;VARYING   ;60;;0;1.0;;
NFCES016  ;COD_CARACT;0;VARYING   ;2;;0;1.0;;
NFCES016  ;DESCRICAO ;1;VARYING   ;60;;0;1.0;;
NFCES017  ;COD_COMIS ;0;VARYING   ;2;;0;1.0;;
NFCES017  ;DESCRICAO ;1;VARYING   ;60;;0;1.0;;
NFCES018  ;CODCLASERV;0;VARYING   ;3;;0;1.0;;
NFCES018  ;CODSERVICO;1;VARYING   ;3;;0;1.0;;
NFCES018  ;DESCRICAO ;2;VARYING   ;60;;0;1.0;;
NFCES018  ;NU_COMPETE;3;VARYING   ;6;;0;;;
NFCES019  ;CODSERVICO;0;VARYING   ;3;;0;1.0;;
NFCES019  ;DESCRICAO ;1;VARYING   ;60;;0;1.0;;
NFCES020  ;CODSUBTIPO;0;VARYING   ;2;;0;1.0;;
NFCES020  ;DESCRICAO ;1;VARYING   ;60;;0;;;
NFCES021  ;COD_INSTAL;0;VARYING   ;2;;0;1.0;;
NFCES021  ;CODSUBTIPO;1;VARYING   ;2;;0;1.0;;
NFCES021  ;DESCRICAO ;2;VARYING   ;60;;0;1.0;;
NFCES021  ;IND_TPINST;3;TEXT      ;1;;0;1.0;;
NFCES022  ;CODSERVCOM;0;VARYING   ;2;;0;1.0;;
NFCES022  ;INDSERVCOM;1;TEXT      ;1;;0;1.0;;
NFCES022  ;DESCRICAO ;2;VARYING   ;60;;0;1.0;;
NFCES023  ;COD_EQUIP ;0;VARYING   ;2;;0;1.0;;
NFCES023  ;DESCRICAO ;1;VARYING   ;60;;0;1.0;;
NFCES023  ;CODTPEQUIP;2;TEXT      ;2;;0;1.0;;
NFCES024  ;COD_NACIO ;0;VARYING   ;3;;0;1.0;;
NFCES024  ;DESCRICAO ;1;VARYING   ;60;;0;1.0;;
NFCES025  ;CODTPEQUIP;0;TEXT      ;2;;0;1.0;;
NFCES025  ;DESCRICAO ;1;VARYING   ;60;;0;1.0;;
NFCES026  ;COD_CBO   ;0;VARYING   ;6;;0;1.0;;
NFCES026  ;DESCRICAO ;1;VARYING   ;150;;0;1.0;;
NFCES026  ;INDPROFISS;2;TEXT      ;1;;0;;;
NFCES026  ;TP_CBO_SAU;3;TEXT      ;1;;0;;;
NFCES026  ;ST_CBO_REG;4;TEXT      ;1;;0;;;
NFCES027  ;CONSELHOID;0;VARYING   ;2;;0;1.0;;
NFCES027  ;DESCRICAO ;1;VARYING   ;60;;0;1.0;;
NFCES028  ;COD_IND   ;0;VARYING   ;3;;0;1.0;;
NFCES028  ;COD_ATRIB ;1;TEXT      ;1;;0;1.0;;
NFCES028  ;DESC_ATRIB;2;VARYING   ;60;;0;1.0;;
NFCES029  ;COD_IND   ;0;VARYING   ;3;;0;1.0;;
NFCES029  ;DESCRICAO ;1;VARYING   ;60;;0;1.0;;
NFCES031  ;CODESCOLAR;0;VARYING   ;2;;0;1.0;;
NFCES031  ;DESCRICAO ;1;VARYING   ;60;;0;1.0;;
NFCES032  ;COD_CERTID;0;VARYING   ;2;;0;1.0;;
NFCES032  ;DESCRICAO ;1;VARYING   ;60;;0;1.0;;
NFCES033  ;CODORGEMIS;0;VARYING   ;2;;0;1.0;;
NFCES033  ;DESCRICAO ;1;VARYING   ;60;;0;;;
NFCES035  ;TP_VISAO  ;0;LONG      ;4;0.0;0;1.0;;
NFCES035  ;DESCRICAO ;1;VARYING   ;60;;0;1.0;;
NFCES035  ;TP_PESQ   ;2;TEXT      ;1;;0;1.0;;
NFCES036  ;CD_PAIS   ;0;VARYING   ;3;;0;1.0;;
NFCES036  ;DS_PAIS   ;1;VARYING   ;60;;0;1.0;;
NFCES037  ;CD_TP_LOGR;0;VARYING   ;3;;0;1.0;;
NFCES037  ;DS_TP_LOGR;1;VARYING   ;60;;0;1.0;;
NFCES038  ;CD_RACA   ;0;VARYING   ;2;;0;1.0;;
NFCES038  ;DS_RACA   ;1;VARYING   ;60;;0;1.0;;
NFCES041  ;CD_SERV   ;0;VARYING   ;3;;0;;;
NFCES041  ;CD_CLASS  ;1;VARYING   ;3;;0;;;
NFCES041  ;SEQUENCIAL;2;LONG      ;4;0.0;0;;;
NFCES041  ;CD_ATIV   ;3;VARYING   ;6;;0;;;
NFCES041_T;CD_SERV   ;0;VARYING   ;3;;0;;;
NFCES041_T;CD_CLASS  ;1;VARYING   ;3;;0;;;
NFCES041_T;SEQUENCIAL;2;LONG      ;4;0.0;0;;;
NFCES041_T;CD_ATIV   ;3;VARYING   ;6;;0;;;
NFCES041_T;DESCRICAO ;4;VARYING   ;150;;0;;;
NFCES046  ;TP_EQUIPE ;0;VARYING   ;2;;0;1.0;;
NFCES046  ;DS_EQUIPE ;1;VARYING   ;60;;0;1.0;;
NFCES046  ;CO_GRUPO_E;2;VARYING   ;2;;0;1.0;;
NFCES047  ;TP_CHDIFER;0;VARYING   ;2;;0;1.0;;
NFCES047  ;DS_CHDIFER;1;VARYING   ;60;;0;1.0;;
NFCES048  ;COD_CRM   ;0;VARYING   ;2;;0;;;
NFCES048  ;CBO       ;1;VARYING   ;254;;0;;;
NFCES048  ;CRITICA_CB;2;VARYING   ;1;;0;;;
NFCES049  ;CD_MOTIVO_;0;VARYING   ;2;;0;1.0;;
NFCES049  ;DS_MOTIVO_;1;VARYING   ;100;;0;1.0;;
NFCES049  ;TP_MOTIVO_;2;TEXT      ;1;;0;;;
NFCES049  ;FL_DEFINIT;3;TEXT      ;1;;0;;;
NFCES050  ;CD_TP_DESA;0;VARYING   ;2;;0;1.0;;
NFCES050  ;DS_TP_DESA;1;VARYING   ;60;;0;1.0;;
NFCES051  ;CD_HABILIT;0;VARYING   ;4;;0;1.0;;
NFCES051  ;DS_HABILIT;1;VARYING   ;256;;0;1.0;;
NFCES051  ;TP_HABILIT;2;TEXT      ;1;;0;1.0;;
NFCES051  ;VIGENCIA_I;3;VARYING   ;6;;0;;;
NFCES051  ;VIGENCIA_F;4;VARYING   ;6;;0;;;
NFCES052  ;CD_REGRA  ;0;VARYING   ;4;;0;1.0;;
NFCES052  ;DS_REGRA  ;1;VARYING   ;256;;0;1.0;;
NFCES052  ;TP_REGRA  ;2;TEXT      ;1;;0;1.0;;
NFCES052  ;VIGENCIA_I;3;VARYING   ;6;;0;;;
NFCES052  ;VIGENCIA_F;4;VARYING   ;6;;0;;;
NFCES053  ;CD_MOTIVO_;0;VARYING   ;2;;0;1.0;;
NFCES053  ;DS_MOTIVO_;1;VARYING   ;256;;0;1.0;;
NFCES054  ;CD_GESTAO ;0;VARYING   ;4;;0;1.0;;
NFCES054  ;DS_GESTAO ;1;VARYING   ;256;;0;1.0;;
NFCES054  ;TP_GESTAO ;2;TEXT      ;1;;0;1.0;;
NFCES054  ;VIGENCIA_I;3;VARYING   ;6;;0;;;
NFCES054  ;VIGENCIA_F;4;VARYING   ;6;;0;;;
NFCES055  ;TP_UNID_ID;0;VARYING   ;2;;0;1.0;;
NFCES055  ;CD_SUBTIPO;1;VARYING   ;3;;0;1.0;;
NFCES055  ;DS_SUBTIPO;2;VARYING   ;60;;0;1.0;;
NFCES056  ;CD_VINCULA;0;VARYING   ;2;;0;1.0;;
NFCES056  ;DS_VINCULA;1;VARYING   ;60;;0;1.0;;
NFCES056  ;ST_HABILIT;2;TEXT      ;1;;0;;;
NFCES057  ;CD_VINCULA;0;VARYING   ;2;;0;1.0;;
NFCES057  ;TP_VINCULO;1;VARYING   ;2;;0;1.0;;
NFCES057  ;DS_VINCULO;2;VARYING   ;60;;0;1.0;;
NFCES057  ;ST_HABILIT;3;TEXT      ;1;;0;;;
NFCES058  ;CD_VINCULA;0;VARYING   ;2;;0;1.0;;
NFCES058  ;TP_VINCULO;1;VARYING   ;2;;0;1.0;;
NFCES058  ;TP_SUBVINC;2;VARYING   ;2;;0;1.0;;
NFCES058  ;IND_VINC  ;3;VARYING   ;6;;0;1.0;;
NFCES058  ;DS_SUBVINC;4;VARYING   ;60;;0;1.0;;
NFCES058  ;ST_HABILIT;5;TEXT      ;1;;0;;;
NFCES058  ;ST_SOLICIT;6;VARYING   ;1;;0;;;
NFCES058  ;DS_CONCEIT;7;VARYING   ;2000;;0;;;
NFCES059  ;CD_INTEGRA;0;VARYING   ;4;;0;1.0;;
NFCES059  ;DS_INTEGRA;1;VARYING   ;256;;0;1.0;;
NFCES059  ;TP_INTEGRA;2;TEXT      ;1;;0;1.0;;
NFCES059  ;VIGENCIA_I;3;VARYING   ;6;;0;;;
NFCES059  ;VIGENCIA_F;4;VARYING   ;6;;0;;;
NFCES063  ;COD_MUN   ;0;VARYING   ;6;;0;1.0;;
NFCES064  ;CPF       ;0;VARYING   ;14;;0;1.0;;
NFCES067  ;CNES      ;0;VARYING   ;7;;0;1.0;;
NFCES068  ;CPF_PROF  ;0;VARYING   ;11;;0;1.0;;
NFCES069  ;CO_ADESAO ;0;VARYING   ;4;;0;1.0;;
NFCES069  ;DS_ADESAO ;1;VARYING   ;256;;0;1.0;;
NFCES069  ;TP_ADESAO ;2;TEXT      ;1;;0;1.0;;
NFCES069  ;DT_VIGENCI;3;VARYING   ;6;;0;;;
NFCES069  ;DT_VIGENCI;4;VARYING   ;6;;0;;;
NFCES070  ;CO_ETNIA  ;0;VARYING   ;3;;0;1.0;;
NFCES070  ;DS_ETNIA  ;1;VARYING   ;100;;0;1.0;;
NFCES071  ;CPF_PROF  ;0;VARYING   ;11;;0;1.0;;
NFCES071  ;CO_CNES   ;1;VARYING   ;7;;0;;;
NFCES071  ;NO_FANTASI;2;VARYING   ;60;;0;;;
NFCES071  ;IND_VINCUL;3;VARYING   ;6;;0;;;
NFCES071  ;CO_CBO    ;4;VARYING   ;6;;0;;;
NFCES071  ;CO_MUNICIP;5;VARYING   ;6;;0;;;
NFCES071  ;DT_ENTRADA;6;DATE      ;4;;0;;;
NFCES071_T;CNES      ;0;VARYING   ;7;;0;1.0;;
NFCES071_T;CPF_PROF  ;1;VARYING   ;11;;0;1.0;;
NFCES071_T;COD_CNS   ;2;VARYING   ;15;;0;1.0;;
NFCES071_T;FL_ART_POR;3;TEXT      ;1;;0;1.0;;
NFCES072  ;COD_MUN   ;0;VARYING   ;6;;0;1.0;;
NFCES073  ;CNES      ;0;VARYING   ;7;;0;1.0;;
NFCES073_T;UNIDADE_ID;0;VARYING   ;31;;0;1.0;;
NFCES073_T;INTERNACAO;1;TEXT      ;1;;0;1.0;;
NFCES073_T;AMBULATORI;2;TEXT      ;1;;0;1.0;;
NFCES074  ;CNES      ;0;VARYING   ;7;;0;1.0;;
NFCES075  ;CPF_PROF  ;0;VARYING   ;11;;0;1.0;;
NFCES075  ;CO_CNES   ;1;VARYING   ;7;;0;;;
NFCES075  ;NO_FANTASI;2;VARYING   ;60;;0;;;
NFCES075  ;IND_VINCUL;3;VARYING   ;6;;0;;;
NFCES075  ;CO_CBO    ;4;VARYING   ;6;;0;;;
NFCES075  ;CO_MUNICIP;5;VARYING   ;6;;0;;;
NFCES075  ;DT_ENTRADA;6;DATE      ;4;;0;;;
NFCES076  ;NU_CPF    ;0;VARYING   ;11;;0;1.0;;
NFCES076  ;NU_CRM    ;1;VARYING   ;8;;0;1.0;;
NFCES076  ;SG_UF_CRM ;2;VARYING   ;2;;0;1.0;;
NFCES076  ;DS_INSCRIC;3;VARYING   ;2;;0;;;
NFCES077  ;CPF_PROF  ;0;VARYING   ;11;;0;1.0;;
NFCES077  ;CO_CNES   ;1;VARYING   ;7;;0;;;
NFCES077  ;NO_FANTASI;2;VARYING   ;60;;0;;;
NFCES077  ;IND_VINCUL;3;VARYING   ;6;;0;;;
NFCES077  ;CO_CBO    ;4;VARYING   ;6;;0;;;
NFCES077  ;CO_MUNICIP;5;VARYING   ;6;;0;;;
NFCES077  ;DT_ENTRADA;6;DATE      ;4;;0;;;
NFCES079  ;COD_MUN   ;0;VARYING   ;6;;0;1.0;;
NFCES080  ;CPF_PROF  ;0;VARYING   ;11;;0;1.0;;
NFCES080  ;DT_INFORMA;1;DATE      ;4;;0;;;
NFCES080  ;VERSAO_INF;2;VARYING   ;10;;0;;;
NFCES080  ;NU_PORTARI;3;VARYING   ;60;;0;;;
NFCES080  ;TIPO_INFOR;4;TEXT      ;1;;0;;;
NFCES081  ;CO_MUNICIP;0;VARYING   ;6;;0;1.0;;
NFCES081  ;TP_INCENTI;1;TEXT      ;1;;0;1.0;;
NFCES081  ;CO_INCENTI;2;VARYING   ;10;;0;1.0;;
NFCES081  ;DT_PORTARI;3;VARYING   ;10;;0;;;
NFCES081  ;NU_PORTARI;4;VARYING   ;100;;0;;;
NFCES081  ;CMTP_INICI;5;VARYING   ;6;;0;;;
NFCES081  ;CMTP_FIM  ;6;VARYING   ;6;;0;;;
NFCES082  ;CNES      ;0;VARYING   ;7;;0;1.0;;
NFCES082  ;NOME_FANTA;1;VARYING   ;60;;0;1.0;;
NFCES082  ;COD_MUN   ;2;VARYING   ;7;;0;1.0;;
NFCES082  ;TP_SUS_NAO;3;TEXT      ;1;;0;;;
NFCES082  ;TP_UNID_ID;4;VARYING   ;2;;0;;;
NFCES083  ;UNIDADE_ID;0;VARYING   ;31;;0;1.0;;
NFCES083  ;SEQ_BASE  ;1;VARYING   ;5;;0;1.0;;
NFCES083  ;DS_BASE   ;2;VARYING   ;60;;0;1.0;;
NFCES083  ;CD_SUBTIPO;3;VARYING   ;3;;0;;;
NFCES083  ;CD_TP_LOGR;4;VARYING   ;3;;0;;;
NFCES083  ;LOGRADOURO;5;VARYING   ;60;;0;1.0;;
NFCES083  ;NUMERO    ;6;VARYING   ;10;;0;;;
NFCES083  ;COMPLEMENT;7;VARYING   ;60;;0;;;
NFCES083  ;BAIRRO    ;8;VARYING   ;60;;0;;;
NFCES083  ;COD_CEP   ;9;VARYING   ;8;;0;1.0;;
NFCES083  ;COD_MUN   ;10;VARYING   ;7;;0;1.0;;
NFCES083  ;DDD_TEL   ;11;VARYING   ;3;;0;;;
NFCES083  ;TELEFONE  ;12;VARYING   ;40;;0;;;
NFCES083  ;DDD_FAX   ;13;VARYING   ;3;;0;;;
NFCES083  ;FAX       ;14;VARYING   ;40;;0;;;
NFCES083  ;NO_URL    ;15;VARYING   ;60;;0;;;
NFCES083  ;E_MAIL    ;16;VARYING   ;60;;0;;;
NFCES083  ;DATA_ATIV ;17;DATE      ;4;;0;1.0;;
NFCES083  ;DATA_DESAT;18;DATE      ;4;;0;;;
NFCES084  ;UNIDADE_ID;0;VARYING   ;31;;0;1.0;;
NFCES084  ;UNIDADE_ID;1;VARYING   ;31;;0;1.0;;
NFCES084  ;SEQ_BASE_C;2;VARYING   ;5;;0;1.0;;
NFCES084  ;CO_PLACA  ;3;VARYING   ;7;;0;;;
NFCES084  ;NU_CHASSI ;4;VARYING   ;30;;0;;;
NFCES084  ;CO_PREFIXO;5;VARYING   ;10;;0;;;
NFCES084  ;NU_EMBARCA;6;VARYING   ;10;;0;;;
NFCES084  ;DATA_ATIV ;7;DATE      ;4;;0;1.0;;
NFCES084  ;DATA_DESAT;8;DATE      ;4;;0;;;
NFCES084  ;CO_DESATIV;9;VARYING   ;3;;0;;;
NFCES085  ;CO_NATUREZ;0;VARYING   ;4;;0;1.0;;
NFCES085  ;DS_NATUREZ;1;VARYING   ;256;;0;1.0;;
NFCES086  ;NU_CNPJ   ;0;VARYING   ;14;;0;1.0;;
NFCES086  ;CO_NATUREZ;1;VARYING   ;4;;0;;;
NFCES088  ;CNES      ;0;VARYING   ;7;;0;1.0;;
NFCES088  ;NOME_FANTA;1;VARYING   ;60;;0;1.0;;
NFCES088  ;COD_MUN   ;2;VARYING   ;7;;0;1.0;;
NFCES088  ;CO_UNIDADE;3;VARYING   ;31;;0;1.0;;
NFCES088  ;TP_UNIDADE;4;VARYING   ;2;;0;1.0;;
NFCES088  ;CO_PROFISS;5;VARYING   ;16;;0;;;
NFCES088  ;TP_SUS_NAO;6;VARYING   ;1;;0;;;
NFCES088  ;IND_VINCUL;7;VARYING   ;6;;0;;;
NFCES088  ;NO_PROFISS;8;VARYING   ;60;;0;;;
NFCES088  ;CO_CPF    ;9;VARYING   ;11;;0;;;
NFCES088  ;CO_CNS    ;10;VARYING   ;15;;0;;;
NFCES088  ;CO_CBO    ;11;VARYING   ;6;;0;;;
NFCES088  ;CH_TOTAL  ;12;LONG      ;4;0.0;0;;;
NFCES090  ;CO_GRUPO_E;0;VARYING   ;2;;0;1.0;;
NFCES090  ;NO_GRUPO_E;1;VARYING   ;8;;0;1.0;;
NFCES091  ;CO_GRUPO_E;0;VARYING   ;2;;0;1.0;;
NFCES091  ;CO_GRUPO_P;1;VARYING   ;2;;0;1.0;;
NFCES092  ;CO_CNES   ;0;VARYING   ;7;;0;1.0;;
NFCES093  ;CD_SERV   ;0;VARYING   ;3;;0;;;
NFCES093  ;CD_CLASS  ;1;VARYING   ;3;;0;;;
NFCES093  ;SEQUENCIAL;2;LONG      ;4;0.0;0;;;
NFCES093  ;CD_ATIV   ;3;VARYING   ;6;;0;;;
NFCES093_T;CD_SERV   ;0;VARYING   ;3;;0;;;
NFCES093_T;CD_CLASS  ;1;VARYING   ;3;;0;;;
NFCES093_T;SEQUENCIAL;2;LONG      ;4;0.0;0;;;
NFCES093_T;CD_ATIV   ;3;VARYING   ;6;;0;;;
NFCES093_T;DESCRICAO ;4;VARYING   ;150;;0;;;
NFCES094  ;TP_EQUIPE ;0;VARYING   ;2;;0;1.0;;
NFCES094  ;CO_SUB_TIP;1;VARYING   ;2;;0;1.0;;
NFCES095  ;CO_SUB_TIP;0;VARYING   ;2;;0;1.0;;
NFCES095  ;DS_SUB_TIP;1;VARYING   ;30;;0;;;
NFCES096  ;NU_CPF    ;0;VARYING   ;11;;0;1.0;;
NFCES096  ;CO_MUNICIP;1;VARYING   ;6;;0;1.0;;
NFCES096  ;DT_ADESAO ;2;DATE      ;4;;0;;;
NFCES096  ;PERFIL    ;3;VARYING   ;30;;0;;;
NFCES098  ;CO_REGRA_1;0;VARYING   ;4;;0;;;
NFCES098  ;CO_REGRA_2;1;VARYING   ;4;;0;;;
NFCES099  ;CO_AVALIAC;0;VARYING   ;2;;0;1.0;;
NFCES099  ;DS_AVALIAC;1;VARYING   ;100;;0;;;
NFCES099  ;DS_CONCEIT;2;VARYING   ;2000;;0;;;
NFCES100  ;CO_AVALIAC;0;VARYING   ;2;;0;1.0;;
NFCES100  ;CO_CLASSIF;1;VARYING   ;2;;0;1.0;;
NFCES100  ;DS_CLASSIF;2;VARYING   ;60;;0;;;
NFCES100  ;DS_CONCEIT;3;VARYING   ;2000;;0;;;
NFCES101  ;NU_CNPJ_AD;0;VARYING   ;14;;0;1.0;;
NFCES101  ;NO_EMPRESA;1;VARYING   ;60;;0;;;
NFCES101  ;NO_LOGRADO;2;VARYING   ;60;;0;;;
NFCES101  ;NU_LOGRADO;3;VARYING   ;10;;0;;;
NFCES101  ;NO_BAIRRO ;4;VARYING   ;60;;0;;;
NFCES101  ;CO_MUNICIP;5;VARYING   ;7;;0;;;
NFCES101  ;CO_DDD_TEL;6;VARYING   ;3;;0;;;
NFCES101  ;NU_TELEFON;7;VARYING   ;40;;0;;;
NFCES101  ;CO_DDD_FAX;8;VARYING   ;3;;0;;;
NFCES101  ;NU_FAX    ;9;VARYING   ;40;;0;;;
NFCES101  ;CO_NATUREZ;10;VARYING   ;4;;0;;;
NFCES101  ;ST_REGISTR;11;TEXT      ;1;;0;;;
NFCES102  ;CO_MUNICIP;0;VARYING   ;6;;0;1.0;;
NFCES103  ;CO_VINCULO;0;TEXT      ;6;;0;1.0;;
NFCES103  ;TP_EXCETO ;1;TEXT      ;2;;0;1.0;;
NFCES103  ;CO_GRUPO_N;2;TEXT      ;4;;0;1.0;;
NFCES104  ;NU_SEQ_DES;0;INT64     ;8;10.0;0;1.0;;
NFCES104  ;PROF_ID   ;1;VARYING   ;16;;0;1.0;;
NFCES104  ;UNIDADE_ID;2;VARYING   ;31;;0;1.0;;
NFCES104  ;COD_CBO   ;3;VARYING   ;6;;0;1.0;;
NFCES104  ;TP_SUS_NAO;4;TEXT      ;1;;0;1.0;;
NFCES104  ;IND_VINC  ;5;VARYING   ;6;;0;1.0;;
NFCES104  ;DT_DESLIGA;6;DATE      ;4;;0;;;
NFCES104  ;DT_CADASTR;7;DATE      ;4;;0;;;
NFCES104  ;DS_JUSTIFI;8;VARYING   ;256;;0;;;
NFCES104  ;CO_MOTIVO_;9;VARYING   ;2;;0;;;
NFCES105  ;CO_DISTRIT;0;VARYING   ;4;;0;1.0;;
NFCES105  ;DS_DISTRIT;1;VARYING   ;60;;0;;;
NFCES105  ;CO_MUNICIP;2;VARYING   ;6;;0;1.0;;
NFCES106  ;CO_INST_AV;0;VARYING   ;2;;0;1.0;;
NFCES106  ;DS_INST_AV;1;VARYING   ;100;;0;1.0;;
NFCES107  ;NU_CPF    ;0;VARYING   ;11;;0;1.0;;
NFCES107  ;NU_CRM    ;1;VARYING   ;8;;0;1.0;;
NFCES107  ;SG_UF_CRM ;2;VARYING   ;2;;0;1.0;;
NFCES107  ;DS_INSCRIC;3;VARYING   ;2;;0;;;
NFCES108  ;NU_CPF    ;0;VARYING   ;11;;0;1.0;;
NFCES108  ;NU_CNS    ;1;VARYING   ;15;;0;;;
NFCES108  ;NO_PROF_RE;2;VARYING   ;60;;0;;;
NFCES108  ;QTDE_LETRA;3;VARYING   ;2;;0;;;
NFCES109  ;CNES      ;0;VARYING   ;7;;0;1.0;;
NFCES109  ;NOME_FANTA;1;VARYING   ;60;;0;;;
NFCES109  ;CPF_CNPJ  ;2;VARYING   ;14;;0;;;
NFCES109  ;TP_SITUACA;3;VARYING   ;1;;0;;;
NFCES109  ;CO_NATUREZ;4;VARYING   ;4;;0;;;
NFCES109  ;COD_MUN   ;5;VARYING   ;6;;0;;;
NFCES109  ;TP_GESTAO ;6;VARYING   ;1;;0;;;
NFCES109  ;COMPETENCI;7;VARYING   ;6;;0;;;
NFCES110  ;CNES      ;0;VARYING   ;7;;0;1.0;;
NFCES110  ;NOME_FANTA;1;VARYING   ;60;;0;;;
NFCES110  ;TP_SITUACA;2;VARYING   ;1;;0;;;
NFCES110  ;COD_MUN_GE;3;VARYING   ;6;;0;;;
NFCES110  ;TP_GESTAO ;4;VARYING   ;1;;0;;;
NFCES110  ;COMPETENCI;5;VARYING   ;6;;0;;;
NFCES110  ;NOME_PROF ;6;VARYING   ;60;;0;;;
NFCES110  ;CPF_PROF  ;7;VARYING   ;11;;0;1.0;;
NFCES110  ;CNS_PROF  ;8;VARYING   ;15;;0;;;
NFCES110  ;COD_CBO   ;9;VARYING   ;6;;0;1.0;;
NFCES110  ;IND_VINC  ;10;VARYING   ;6;;0;1.0;;
NFCES110  ;TP_SUS_NAO;11;VARYING   ;1;;0;1.0;;
NFCES111  ;DESCRICAO ;0;VARYING   ;50;;0;;;
NFCES112  ;NU_CPF    ;0;VARYING   ;11;;0;1.0;;
NFCES112  ;NO_PROFISS;1;VARYING   ;150;;0;;;
NFCES113  ;CO_CNES   ;0;VARYING   ;7;;0;1.0;;
NFCES114  ;CO_CNES   ;0;VARYING   ;7;;0;1.0;;
NFCES114  ;CO_CPF    ;1;VARYING   ;11;;0;1.0;;
NFCES115  ;CO_EQUIPE ;0;VARYING   ;10;;0;1.0;;
NFCES115  ;CO_MUNICIP;1;VARYING   ;6;;0;1.0;;
NFCES115  ;CO_AREA_AN;2;VARYING   ;4;;0;;;
NFCES115  ;CO_SEQ_EQU;3;LONG      ;4;0.0;0;1.0;;
NFCES115  ;CO_MUNICIP;4;VARYING   ;6;;0;1.0;;
NFCES115  ;CO_AREA_NO;5;VARYING   ;4;;0;1.0;;
NFCES115  ;CO_SEQ_EQU;6;LONG      ;4;0.0;0;1.0;;
NFCES116  ;COD_AREA  ;0;VARYING   ;4;;0;1.0;;
NFCES116  ;DESC_AREA ;1;VARYING   ;60;;0;1.0;;
NFCES116  ;CD_SEGMENT;2;VARYING   ;2;;0;1.0;;
NFCES117  ;CO_GRUPO_A;0;VARYING   ;2;;0;1.0;;
NFCES117  ;DS_GRUPO_A;1;VARYING   ;100;;0;1.0;;
NFCES117  ;DS_CONCEIT;2;VARYING   ;2000;;0;;;
NFCES118  ;CO_ATIVIDA;0;VARYING   ;3;;0;1.0;;
NFCES118  ;DS_ATIVIDA;1;VARYING   ;100;;0;1.0;;
NFCES118  ;CO_GRUPO_A;2;VARYING   ;2;;0;1.0;;
NFCES118  ;DS_CONCEIT;3;VARYING   ;2000;;0;;;
NFCES119  ;CO_TIPO_ES;0;VARYING   ;3;;0;1.0;;
NFCES119  ;DS_TIPO_ES;1;VARYING   ;100;;0;1.0;;
NFCES119  ;DS_CONCEIT;2;VARYING   ;2000;;0;;;
NFCES120  ;CO_TIPO_ES;0;VARYING   ;3;;0;1.0;;
NFCES120  ;CO_ATIVIDA;1;VARYING   ;3;;0;1.0;;
NFCES121  ;CO_TIPO_ES;0;VARYING   ;3;;0;1.0;;
NFCES121  ;CO_ATIVIDA;1;VARYING   ;3;;0;1.0;;
NFCES122  ;CO_TIPO_ES;0;VARYING   ;3;;0;1.0;;
NFCES122  ;CO_ATIVIDA;1;VARYING   ;3;;0;1.0;;
NFCES123  ;NU_CPF    ;0;VARYING   ;11;;0;1.0;;
NFCES123  ;DT_DESLIGA;1;DATE      ;4;;0;1.0;;
NFCES124  ;CO_TPINSTA;0;TEXT      ;1;;0;1.0;;
NFCES124  ;DESCRICAO ;1;VARYING   ;60;;0;1.0;;
NFCES125  ;CO_TIPO_AB;0;VARYING   ;2;;0;1.0;;
NFCES125  ;DESCRICAO ;1;VARYING   ;30;;0;1.0;;
NFCES126  ;CD_HABILIT;0;VARYING   ;4;;0;1.0;;
NFCES126  ;DS_HABILIT;1;VARYING   ;256;;0;1.0;;
NFCES126  ;TP_HABILIT;2;TEXT      ;1;;0;1.0;;
NFCES126  ;VIGENCIA_I;3;VARYING   ;6;;0;;;
NFCES126  ;VIGENCIA_F;4;VARYING   ;6;;0;;;
SEMAFOROFU;CDFUNCAO  ;0;LONG      ;4;0.0;0;1.0;;
SEMAFOROFU;USUARIO   ;1;VARYING   ;60;;0;1.0;;
SEMAFOROFU;DTBLOQUEIO;2;DATE      ;4;;0;1.0;;
TB_COMPARA;NU_COMPARA;0;LONG      ;4;0.0;0;1.0;;
TB_COMPARA;CO_UNIDADE;1;VARYING   ;60;;0;1.0;;
TB_COMPARA;NO_FANTASI;2;VARYING   ;60;;0;;;
TB_COMPARA;CO_PROFISS;3;VARYING   ;30;;0;;;
TB_COMPARA;NO_CNPJ_MA;4;VARYING   ;30;;0;;;
TB_COMPARA;NO_TABELA ;5;VARYING   ;30;;0;;;
TB_COMPARA;NO_CHAVE_1;6;VARYING   ;60;;0;;;
TB_COMPARA;NO_CHAVE_2;7;VARYING   ;60;;0;;;
TB_COMPARA;NO_CHAVE_3;8;VARYING   ;60;;0;;;
TB_COMPARA;NO_CHAVE_4;9;VARYING   ;60;;0;;;
TB_COMPARA;NO_CHAVE_5;10;VARYING   ;60;;0;;;
TB_COMPARA;NO_CAMPO  ;11;VARYING   ;60;;0;;;
TB_COMPARA;NO_CONTEUD;12;VARYING   ;60;;0;;;
TB_COMPARA;NO_CONTEUD;13;VARYING   ;60;;0;;;
TB_COMPARA;NO_ARQUIVO;14;VARYING   ;60;;0;;;
TFCES000  ;DESCRICAO1;0;VARYING   ;100;;0;;;
TFCES000  ;DESCRICAO2;1;VARYING   ;100;;0;;;
TFCES000  ;DESCRICAO3;2;VARYING   ;100;;0;;;
TFCES000  ;VALOR1    ;3;INT64     ;8;10.0;-2;;;
TFCES000  ;VALOR2    ;4;INT64     ;8;10.0;-2;;;
TFCES000  ;VALOR3    ;5;INT64     ;8;10.0;-2;;;
TFCES001  ;CO_PROFISS;0;VARYING   ;16;;0;1.0;;
TFCES001  ;CO_CNS    ;1;VARYING   ;15;;0;1.0;;
TFCES002  ;COD_MUN_GE;0;VARYING   ;7;;0;;;
TFCES002  ;CNES_CONSU;1;VARYING   ;7;;0;;;
TFCES002  ;COMP_CONSU;2;VARYING   ;6;;0;;;
TFCES002  ;DT_HR_CONS;3;TIMESTAMP ;8;;0;;;
TFCES002  ;NU_VERSAO ;4;VARYING   ;10;;0;;;
TFCES002  ;USUARIO   ;5;VARYING   ;60;;0;;;
TFCES003  ;PROF_ID   ;0;VARYING   ;16;;0;1.0;;
TFCES004  ;PROF_ID   ;0;VARYING   ;16;;0;1.0;;
TFCES004  ;CO_CNS_MAS;1;VARYING   ;15;;0;1.0;;
TFCES005  ;CNES      ;0;VARYING   ;7;;0;1.0;;
TFCES005  ;CODMUNGEST;1;VARYING   ;6;;0;1.0;;
TFCES005  ;NU_LATITUD;2;VARYING   ;30;;0;1.0;;
TFCES005  ;NU_LONGITU;3;VARYING   ;30;;0;1.0;;
TRFCES02  ;UNIDADE_ID;0;VARYING   ;31;;0;;;
TRFCES02  ;NOME_MOD  ;1;VARYING   ;60;;0;;;
TRFCES02  ;CAMPO     ;2;VARYING   ;60;;0;;;
TRFCES02  ;STATUS    ;3;VARYING   ;60;;0;;;
TRFCES02  ;OCORRENCIA;4;VARYING   ;5;;0;;;
TRFCES02  ;IDENTIFICA;5;VARYING   ;60;;0;;;
TRFCES02  ;UNIDADE_NO;6;VARYING   ;60;;0;;;
TRFCES05  ;UNIDADE_ID;0;VARYING   ;31;;0;;;
TRFCES05  ;NOME_MOD  ;1;VARYING   ;60;;0;;;
TRFCES05  ;CAMPO     ;2;VARYING   ;60;;0;;;
TRFCES05  ;STATUS    ;3;VARYING   ;60;;0;;;
TRFCES05  ;OCORRENCIA;4;VARYING   ;60;;0;;;
TRFCES05  ;IDENTIFICA;5;VARYING   ;60;;0;;;
TRFCES05  ;UNIDADE_NO;6;VARYING   ;60;;0;;;
TRFCES07  ;CNES      ;0;VARYING   ;7;;0;1.0;;
TRFCES07  ;CO_HABILIT;1;VARYING   ;4;;0;1.0;;
TRFCES07  ;CMPT_INICI;2;VARYING   ;6;;0;1.0;;
TRFCES07  ;CMPT_FINAL;3;VARYING   ;6;;0;1.0;;
TRFCES07  ;QT_LEITOS ;4;LONG      ;4;0.0;0;;;
TRFCES07  ;NU_PORTARI;5;VARYING   ;50;;0;;;
TRFCES07  ;DT_LANCAME;6;DATE      ;4;;0;;;
TRFCES08  ;CNES      ;0;VARYING   ;7;;0;1.0;;
TRFCES08  ;CO_REGRA  ;1;VARYING   ;4;;0;1.0;;
TRFCES08  ;CMPT_INICI;2;VARYING   ;6;;0;1.0;;
TRFCES08  ;CMPT_FINAL;3;VARYING   ;6;;0;1.0;;
TRFCES08  ;NU_PORTARI;4;VARYING   ;50;;0;;;
TRFCES08  ;DT_LANCAME;5;DATE      ;4;;0;;;
TRFCES09  ;TIPODETALH;0;LONG      ;4;0.0;0;;;
TRFCES09  ;DETALHE1  ;1;VARYING   ;256;;0;;;
TRFCES09  ;DETALHE2  ;2;VARYING   ;256;;0;;;
TRFCES10  ;CNES      ;0;VARYING   ;7;;0;;;
TRFCES10  ;CPF       ;1;VARYING   ;11;;0;;;
TRFCES10  ;NOME      ;2;VARYING   ;60;;0;;;
TRFCES10  ;CNSANTERIO;3;VARYING   ;60;;0;;;
TRFCES10  ;CNSDEFINIT;4;VARYING   ;60;;0;;;
TRFCES10  ;NOMEFANTAS;5;VARYING   ;60;;0;;;
USUARIOS  ;A         ;0;VARYING   ;60;;0;1.0;;
USUARIOS  ;B         ;1;VARYING   ;60;;0;1.0;;
USUARIOS  ;C         ;2;VARYING   ;60;;0;1.0;;
